Year,Biomass1,Biomass2,Biomass3,Biomass4,Biomass5,Biomass6,PctShade,ShadeClass,NumCohorts1,NumCohorts2,NumCohorts3,NumCohorts4,NumCohorts5,NumCohorts6,DeadWoodyBio
0,187,299,204,133,501,87,0,0,1,1,1,1,1,1,0
1,353,319,212,271,569,146,9.32110457581497,0,1,1,1,1,1,1,0
2,584,337,219,466,645,220,12.3168178646197,0,1,1,1,1,1,1,0
3,868,354,225,702,729,294,15.8109859435749,1,1,1,1,1,1,1,0
4,1190,370,231,953,822,520,20.3668627255508,1,1,1,1,1,1,1,98.249148541481
5,1519,385,237,1134,926,536,23.6118034094308,1,1,1,1,1,1,1,291.657693695767
6,1852,401,244,1170,1042,536,26.1439537433955,1,1,1,1,1,1,1,486.898784591348
7,2164,417,252,1171,1172,536,28.4717376133985,1,1,1,1,1,1,1,694.993018471239
8,2417,434,261,1171,1320,536,30.6001395673412,1,1,1,1,1,1,1,958.238073669708
9,2593,452,271,1171,1491,536,32.4693450304057,1,1,1,1,1,1,1,1258.83745218528
10,2703,472,401,1248,1692,536,34.1790449606221,1,1,1,2,2,1,1,1575.4294459253
11,2745,493,420,1258,1923,536,36.7610407736018,1,1,1,2,2,1,1,1879.24140160014
12,2764,516,444,1268,2200,536,38.5205861828332,2,1,1,2,2,1,1,2160.31533986142
13,2770,542,470,1279,2534,536,40.5293589871399,2,1,1,2,2,1,1,2428.54531340686
14,2771,571,483,1291,2937,536,42.8122819260293,2,1,1,2,2,1,1,2663.33181909697
15,2771,604,496,1303,3423,536,45.5238759844482,2,1,1,2,2,1,1,2866.75713705726
16,2771,643,508,1315,4004,536,48.7339248330176,3,1,1,2,2,1,1,3040.00233562154
17,2771,690,519,1327,4686,536,52.4823048549497,3,1,1,2,2,1,1,3184.6010378514
18,2771,746,529,1338,5462,536,56.7341242149337,3,1,1,2,2,1,1,3319.80328408833
19,2771,788,537,1348,6302,536,61.2202173262885,3,1,1,2,2,1,1,3467.39000497812
20,2771,788,545,1358,7154,536,65.5567740005982,3,1,1,2,2,1,1,3702.48924524617
21,2771,788,554,1368,7957,536,69.6540723756355,4,1,1,2,2,1,1,4072.2382263142
22,2771,788,566,1379,8662,537,73.2878077958329,4,1,1,2,2,1,1,4564.80118556946
23,2771,788,581,1391,9256,544,76.4181038779783,4,1,1,2,2,1,1,5150.92310978478
24,2771,791,598,1403,9748,561,79.1147442926926,4,1,1,2,2,1,1,5808.1101614133
25,2771,797,615,1416,10157,586,81.4574818064002,4,1,1,2,2,1,1,6516.46560848691
26,2771,806,632,1430,10500,615,83.5111155418204,4,1,1,2,2,1,1,7260.41738038192
27,2771,818,649,1446,10792,647,85.3504137174758,4,1,1,2,2,1,1,8028.75202867005
28,2771,832,666,1463,11043,680,87.0052836207756,4,1,1,2,2,1,1,8812.86667748533
29,2771,847,683,1482,11261,713,88.5106170870302,4,1,1,2,2,1,1,9606.32834782629
30,2771,863,700,1503,11453,766,89.9013059515502,5,1,1,2,2,1,2,10403.6963279741
31,2771,880,717,1525,11621,798,91.2770411723657,5,1,1,2,2,1,2,11201.5926953938
32,2771,897,735,1548,11771,828,92.4633635729239,5,1,1,2,2,1,2,11996.6160362303
33,2771,914,753,1572,11906,857,93.5749177549596,5,1,1,2,2,1,2,12786.4666716467
34,2771,930,771,1597,12028,885,94.6166882663742,5,1,1,2,2,1,2,13569.1746020579
35,2771,946,789,1623,12138,911,95.5936596550693,5,1,1,2,2,1,2,14343.0808006172
36,2771,962,807,1649,12238,936,96.5158010168478,5,1,1,2,2,1,2,15106.9004066544
37,2771,977,825,1676,12329,959,97.3831123517097,5,1,1,2,2,1,2,15859.432595966
38,2771,992,844,1703,12412,981,98.2105473033596,5,1,1,2,2,1,2,16599.8014352368
39,2771,1007,863,1731,12488,1002,99.0030904196989,5,1,1,2,2,1,2,17327.2754485866
40,2771,1081,882,1759,12558,1039,99.7557571528262,5,1,2,2,2,1,3,18036.3364411314
41,2771,1095,902,1787,12618,1057,100,5,1,2,2,2,1,3,18731.9519056795
42,2771,1108,922,1814,12673,1074,100,5,1,2,2,2,1,3,19412.8559078388
43,2771,1120,942,1842,12723,1090,100,5,1,2,2,2,1,3,20079.0378873945
44,2771,1132,962,1870,12768,1105,100,5,1,2,2,2,1,3,20730.4941214565
45,2771,1144,982,1898,12809,1119,100,5,1,2,2,2,1,3,21367.0769626608
46,2771,1155,1002,1925,12845,1132,100,5,1,2,2,2,1,3,21988.6066314471
47,2771,1166,1022,1952,12878,1145,100,5,1,2,2,2,1,3,22595.2319991881
48,2771,1176,1043,1979,12907,1157,100,5,1,2,2,2,1,3,23186.8740418087
49,2771,1186,1064,2006,12932,1168,100,5,1,2,2,2,1,3,23763.5618033906
50,2771,1196,1085,2032,12954,1195,100,5,1,2,2,2,1,4,24324.17274438
51,2771,1205,1106,2058,12972,1205,100,5,1,2,2,2,1,4,24870.59168906
52,2771,1214,1127,2083,12987,1215,100,5,1,2,2,2,1,4,25403.1444984676
53,2771,1223,1149,2108,12999,1224,100,5,1,2,2,2,1,4,25921.8208912466
54,2771,1231,1170,2132,13008,1233,100,5,1,2,2,2,1,4,26426.8738405741
55,2771,1239,1191,2155,13014,1242,100,5,1,2,2,2,1,4,26918.4223730663
56,2771,1247,1212,2178,13018,1250,100,5,1,2,2,2,1,4,27396.6436716622
57,2771,1255,1233,2200,13019,1258,100,5,1,2,2,2,1,4,27861.2953815017
58,2771,1262,1254,2222,13019,1266,100,5,1,2,2,2,1,4,28311.0587345815
59,2771,1269,1275,2243,13019,1273,100,5,1,2,2,2,1,4,28746.4852910175
60,2771,1328,1296,2263,13019,1295,100,5,1,3,2,2,1,5,29160.7364386387
61,2771,1335,1316,2282,13019,1302,100,5,1,3,2,2,1,5,29562.49030536
62,2771,1341,1337,2300,13019,1308,100,5,1,3,2,2,1,5,29950.6901267123
63,2771,1347,1358,2317,13019,1314,100,5,1,3,2,2,1,5,30325.8721894973
64,2771,1353,1378,2334,13019,1320,100,5,1,3,2,2,1,5,30688.3022928516
65,2771,1359,1398,2350,13019,1325,100,5,1,3,2,2,1,5,31038.2607143169
66,2771,1365,1419,2366,13019,1330,100,5,1,3,2,2,1,5,31375.9811703277
67,2771,1370,1439,2380,13019,1335,100,5,1,3,2,2,1,5,31701.7382902672
68,2771,1375,1459,2394,13019,1340,100,5,1,3,2,2,1,5,32015.8077980072
69,2771,1380,1479,2407,13019,1345,100,5,1,3,2,2,1,5,32318.4926499471
70,2771,1385,1500,2420,13019,1363,100,5,1,3,2,2,1,6,32608.3692164351
71,2771,1390,1520,2433,13019,1367,100,5,1,3,2,2,1,6,32887.5632668188
72,2771,1395,1540,2445,13019,1371,100,5,1,3,2,2,1,6,33156.1493687361
73,2771,1399,1560,2457,13019,1375,100,5,1,3,2,2,1,6,33414.4113379093
74,2771,1403,1580,2468,13019,1379,100,5,1,3,2,2,1,6,33662.656305964
75,2771,1407,1599,2479,13019,1383,100,5,1,3,2,2,1,6,33901.1431652594
76,2771,1411,1619,2490,13019,1387,100,5,1,3,2,2,1,6,34130.0399123453
77,2771,1415,1639,2500,13019,1390,100,5,1,3,2,2,1,6,34349.7428912966
78,2771,1419,1659,2509,13019,1393,100,5,1,3,2,2,1,6,34560.6405444484
79,2771,1423,1678,2518,13019,1396,100,5,1,3,2,2,1,6,34762.9762264082
80,2771,1475,1697,2527,13019,1413,100,5,1,4,2,2,1,7,34950.139430481
81,2771,1479,1716,2535,13019,1416,100,5,1,4,2,2,1,7,35130.2881740576
82,2771,1482,1735,2543,13019,1419,100,5,1,4,2,2,1,7,35302.6874280526
83,2771,1485,1753,2551,13019,1422,100,5,1,4,2,2,1,7,35467.7522448151
84,2771,1488,1770,2559,13019,1425,100,5,1,4,2,2,1,7,35625.6846189861
85,2771,1491,1787,2566,13019,1428,100,5,1,4,2,2,1,7,35776.7335822039
86,2771,1494,1804,2573,13019,1430,100,5,1,4,2,2,1,7,35921.0819306946
87,2771,1497,1821,2580,13019,1432,100,5,1,4,2,2,1,7,36058.9222001541
88,2771,1500,1838,2587,13019,1434,100,5,1,4,2,2,1,7,36190.4382125615
89,2771,1503,1855,2594,13019,1436,100,5,1,4,2,2,1,7,36315.8074079947
90,2771,1506,1871,2601,13019,1451,100,5,1,4,2,2,1,8,36433.7356379377
91,2771,1509,1887,2608,13019,1453,100,5,1,4,2,2,1,8,36546.1388882517
92,2771,1512,1902,2614,13019,1455,100,5,1,4,2,2,1,8,36653.1095776307
93,2771,1514,1917,2619,13019,1457,100,5,1,4,2,2,1,8,36754.7751896633
94,2771,1516,1931,2624,13019,1459,100,5,1,4,2,2,1,8,36851.3417975451
95,2771,1518,1945,2629,13019,1461,100,5,1,4,2,2,1,8,36942.9527472928
96,2771,1520,1959,2634,13019,1463,100,5,1,4,2,2,1,8,37029.7525274164
97,2771,1522,1973,2639,13019,1465,100,5,1,4,2,2,1,8,37111.8798225242
98,2771,1524,1986,2644,13019,1467,100,5,1,4,2,2,1,8,37189.5153888072
99,2771,1526,1999,2649,13019,1469,100,5,1,4,2,2,1,8,37262.7843583432
100,2771,1574,2012,2654,13019,1484,100,5,1,5,2,2,1,9,37325.0880506716
101,2771,1576,2024,2658,13019,1486,100,5,1,5,2,2,1,9,37384.2954850843
102,2771,1578,2035,2662,13019,1488,100,5,1,5,2,2,1,9,37439.7331948766
103,2771,1580,2046,2666,13019,1490,100,5,1,5,2,2,1,9,37491.5954261842
104,2771,1582,2057,2670,13019,1492,100,5,1,5,2,2,1,9,37539.9825981666
105,2771,1584,2067,2674,13019,1493,100,5,1,5,2,2,1,9,37585.0558566106
106,2771,1586,2077,2678,13019,1494,100,5,1,5,2,2,1,9,37626.9150177133
107,2771,1588,2087,2682,13019,1495,100,5,1,5,2,2,1,9,37665.6622736693
108,2771,1590,2097,2686,13019,1496,100,5,1,5,2,2,1,9,37701.3959331057
109,2771,1592,2107,2690,13019,1497,100,5,1,5,2,2,1,9,37734.2111862295
110,2771,1594,2117,2694,13019,1511,100,5,1,5,2,2,1,10,37762.6470242214
111,2771,1596,2126,2698,13018,1512,100,5,1,5,2,2,1,10,37788.6233507732
112,2771,1597,2135,2702,13017,1513,100,5,1,5,2,2,1,10,37812.0656859578
113,2771,1598,2144,2706,13016,1514,100,5,1,5,2,2,1,10,37833.0750819204
114,2771,1599,2153,2710,13015,1515,100,5,1,5,2,2,1,10,37851.733111344
115,2771,1600,2162,2713,13014,1516,100,5,1,5,2,2,1,10,37868.1849106143
116,2771,1601,2171,2716,13013,1517,100,5,1,5,2,2,1,10,37882.5027977196
117,2771,1602,2179,2719,13012,1518,100,5,1,5,2,2,1,10,37894.8173239071
118,2771,1603,2187,2722,13011,1519,100,5,1,5,2,2,1,10,37905.1982753306
119,2771,1604,2195,2725,13010,1520,100,5,1,5,2,2,1,10,37913.7554534032
120,2771,1605,2202,2728,13009,1534,100,5,1,5,2,2,1,11,37919.0158852145
121,2771,1606,2209,2731,13008,1535,100,5,1,5,2,2,1,11,37922.7892422517
122,2771,1607,2216,2734,13007,1536,100,5,1,5,2,2,1,11,37924.9906643497
123,2771,1608,2223,2737,13006,1537,100,5,1,5,2,2,1,11,37925.6949877557
124,2771,1609,2230,2740,13005,1538,100,5,1,5,2,2,1,11,37924.9613086278
125,2771,1610,2237,2743,13003,1539,100,5,1,5,2,2,1,11,37922.8512734062
126,2771,1611,2243,2746,13001,1540,100,5,1,5,2,2,1,11,37919.4792155043
127,2771,1612,2249,2749,12999,1541,100,5,1,5,2,2,1,11,37914.8957696046
128,2771,1613,2255,2752,12997,1542,100,5,1,5,2,2,1,11,37909.1548122792
129,2771,1614,2261,2755,12995,1543,100,5,1,5,2,2,1,11,37902.3080921567
130,2771,1659,2267,2758,12993,1556,100,5,1,6,2,2,1,12,37887.809537009
131,2771,1660,2273,2761,12991,1557,100,5,1,6,2,2,1,12,37872.9935245232
132,2771,1661,2279,2764,12989,1558,100,5,1,6,2,2,1,12,37878.8162076409
133,2756,1662,2285,2767,12986,1553,100,5,1,6,2,2,1,12,37923.4193469568
134,2712,1663,2291,2770,12983,1533,100,5,1,6,2,2,1,12,38009.8712004551
135,2635,1665,2299,2774,12980,1496,100,5,1,6,2,2,1,12,38156.1650633595
136,2522,1668,2308,2764,12977,1441,100,5,1,6,2,2,1,12,38370.3945808957
137,2370,1672,2320,2731,12974,1367,100,5,1,6,2,2,1,12,38649.6563971478
138,2180,1678,2335,2673,12971,1274,100,5,1,6,2,2,1,12,38986.7525271397
139,1954,1686,2354,2588,12967,1163,100,5,1,6,2,2,1,12,39374.4781145001
140,1697,1746,2377,2471,12963,1036,100,5,1,7,2,2,1,12,39791.7824344962
141,1419,1759,2402,2322,12959,898,100,5,1,7,2,2,1,12,40199.8971249108
142,1132,1774,2431,2146,12973,754,100,5,1,7,2,2,1,12,40571.3931074248
143,851,1790,2460,1949,13006,612,100,5,1,7,2,2,1,12,40876.7405991305
144,594,1805,2489,1742,13058,481,100,5,1,7,2,2,1,12,41091.306325084
145,377,1818,2516,1535,13126,369,98.3999601236168,5,1,7,2,2,1,12,41200.489202804
146,211,1829,2539,1338,13209,281,96.735121124514,5,1,7,2,2,1,12,41204.4039389201
147,99,1837,2557,1159,13303,220,95.5787060113648,5,1,7,2,2,1,12,41119.6626556152
148,36,1842,2571,999,13404,184,94.8858538530555,5,1,7,2,2,1,12,40975.0339162067
149,0,1845,2580,839,13510,160,94.377429967102,5,0,7,2,1,1,11,40779.3769267009
150,0,1846,2587,722,13618,179,94.3724454192005,5,0,7,2,1,1,12,40614.0171519672
151,0,1846,2592,597,13725,179,94.4023527066095,5,0,7,2,1,1,12,40468.686705792
152,0,1846,2597,470,13833,179,94.3325690359884,5,0,7,2,1,1,12,40336.5062709158
153,0,1846,2602,348,13943,179,94.2976772006779,5,0,7,2,1,1,12,40210.7699603951
154,0,1846,2607,239,14054,179,94.3325690359884,5,0,7,2,1,1,12,40086.3104797393
155,0,1846,2612,148,14165,179,94.4571827335261,5,0,7,2,1,1,12,39959.9177688222
156,0,1846,2617,81,14275,179,94.6964410327983,5,0,7,2,1,1,12,39832.5706663793
157,0,1846,2622,37,14383,179,95.0403748380022,5,0,7,2,1,1,12,39707.7341801847
158,0,1846,2625,13,14489,179,95.4640614096301,5,0,7,2,1,1,12,39591.1370348385
159,0,1846,2628,0,14591,179,95.9226398165686,5,0,7,2,0,1,12,39486.0119140578
160,0,1846,2631,0,14689,179,96.4260791546207,5,0,7,2,0,1,12,39400.9326475315
161,0,1846,2634,0,14783,179,96.9095803010667,5,0,7,2,0,1,12,39334.2609291165
162,0,1846,2637,0,14873,179,97.3731432559067,5,0,7,2,0,1,12,39284.8218814967
163,0,1846,2640,0,14960,179,97.8217525670422,5,0,7,2,0,1,12,39251.5512019106
164,0,1846,2643,0,15043,179,98.2504236865716,5,0,7,2,0,1,12,39233.3927604174
165,0,1846,2646,0,15123,179,98.6641411623966,5,0,7,2,0,1,12,39229.4084779324
166,0,1846,2649,0,15200,179,99.062904994517,5,0,7,2,0,1,12,39238.7313521495
167,0,1846,2652,0,15275,178,99.4467151829329,5,0,7,2,0,1,12,39260.5438403495
168,0,1846,2655,0,15347,177,99.8155717276443,5,0,7,2,0,1,12,39294.037772517
169,0,1846,2658,0,15416,176,100,5,0,7,2,0,1,12,39338.4500048745
170,0,1846,2661,0,15483,191,100,5,0,7,2,0,1,13,39392.0808110723
171,0,1846,2664,0,15547,189,100,5,0,7,2,0,1,13,39455.0985880885
172,0,1846,2667,0,15609,187,100,5,0,7,2,0,1,13,39526.7853010296
173,0,1846,2670,0,15669,185,100,5,0,7,2,0,1,13,39606.4676086638
174,0,1846,2673,0,15727,183,100,5,0,7,2,0,1,13,39693.4733164702
175,0,1846,2676,0,15783,181,100,5,0,7,2,0,1,13,39787.1255483683
176,0,1846,2679,0,15837,180,100,5,0,7,2,0,1,13,39887.2614808889
177,0,1846,2683,0,15890,179,100,5,0,7,2,0,1,13,39993.3728477133
178,0,1846,2687,0,15941,177,100,5,0,7,2,0,1,13,40104.8104220426
179,0,1846,2691,0,15990,174,100,5,0,7,2,0,1,12,40220.9087744127
180,0,1846,2695,0,16038,189,100,5,0,7,2,0,1,13,40341.1739996666
181,0,1846,2699,0,16084,187,100,5,0,7,2,0,1,13,40465.8954055187
182,0,1846,2702,0,16128,185,100,5,0,7,2,0,1,13,40594.6479686309
183,0,1846,2706,0,16171,183,100,5,0,7,2,0,1,13,40726.9940557557
184,0,1846,2710,0,16212,182,100,5,0,7,2,0,1,13,40862.7921574903
185,0,1846,2713,0,16252,180,100,5,0,7,2,0,1,13,41001.3375652178
186,0,1846,2717,0,16291,179,100,5,0,7,2,0,1,13,41142.6278403823
187,0,1846,2720,0,16329,178,100,5,0,7,2,0,1,13,41286.3857121503
188,0,1846,2724,0,16365,176,100,5,0,7,2,0,1,13,41432.1288539882
189,0,1847,2727,0,16400,173,100,5,0,7,2,0,1,12,41579.4157934835
190,0,1848,2730,0,16434,172,100,5,0,7,2,0,1,12,41728.7687111051
191,0,1849,2733,0,16467,171,100,5,0,7,2,0,1,12,41879.9663000534
192,0,1850,2737,0,16499,169,100,5,0,7,2,0,1,12,42032.5148261553
193,0,1851,2740,0,16530,167,100,5,0,7,2,0,1,12,42186.1600356329
194,0,1852,2743,0,16560,166,100,5,0,7,2,0,1,12,42340.9625167792
195,0,1853,2747,0,16589,164,100,5,0,7,2,0,1,12,42496.2275621094
196,0,1854,2750,0,16617,163,100,5,0,7,2,0,1,12,42652.1352102597
197,0,1855,2753,0,16644,162,100,5,0,7,2,0,1,12,42808.432532594
198,0,1856,2756,0,16670,160,100,5,0,7,2,0,1,12,42964.82099828
199,0,1857,2759,0,16696,157,100,5,0,7,2,0,1,11,43120.9595038323
200,0,1858,2762,0,16721,156,100,5,0,7,2,0,1,11,43277.4522176282
201,0,1859,2765,0,16745,155,100,5,0,7,2,0,1,11,43434.1353888301
202,0,1860,2768,0,16768,154,100,5,0,7,2,0,1,11,43590.8759088922
203,0,1861,2771,0,16790,152,100,5,0,7,2,0,1,11,43747.2537314471
204,0,1862,2774,0,16812,151,100,5,0,7,2,0,1,11,43903.4225139209
205,0,1863,2777,0,16833,149,100,5,0,7,2,0,1,11,44058.8039894259
206,0,1864,2780,0,16853,148,100,5,0,7,2,0,1,11,44213.6129857187
207,0,1865,2783,0,16873,147,100,5,0,7,2,0,1,11,44367.6934626743
208,0,1866,2786,0,16892,146,100,5,0,7,2,0,1,11,44520.8961327214
209,0,1867,2789,0,16910,143,100,5,0,7,2,0,1,10,44672.8175755909
210,0,1868,2792,0,16928,142,100,5,0,7,2,0,1,10,44824.1537263991
211,0,1869,2795,0,16945,141,100,5,0,7,2,0,1,10,44974.7903375411
212,0,1870,2798,0,16961,140,100,5,0,7,2,0,1,10,45124.6420848666
213,0,1871,2801,0,16977,138,100,5,0,7,2,0,1,10,45273.3700558689
214,0,1872,2804,0,16992,137,100,5,0,7,2,0,1,10,45421.1323833286
215,0,1873,2807,0,17007,135,100,5,0,7,2,0,1,10,45567.4291103093
216,0,1874,2810,0,17021,134,100,5,0,7,2,0,1,10,45712.5115310129
217,0,1875,2813,0,17035,133,100,5,0,7,2,0,1,10,45856.2528838202
218,0,1876,2816,0,17048,132,100,5,0,7,2,0,1,10,45998.5265544683
219,0,1877,2819,0,17061,129,100,5,0,7,2,0,1,9,46139.0144494738
220,0,1878,2822,0,17073,128,100,5,0,7,2,0,1,9,46278.384345894
221,0,1878,2825,0,17085,127,100,5,0,7,2,0,1,9,46416.6148864144
222,0,1879,2828,0,17097,126,100,5,0,7,2,0,1,9,46553.6578680532
223,0,1879,2831,0,17108,124,100,5,0,7,2,0,1,9,46689.1902242239
224,0,1880,2834,0,17119,123,100,5,0,7,2,0,1,9,46823.4262393074
225,0,1881,2837,0,17129,121,100,5,0,7,2,0,1,9,46955.8320415001
226,0,1881,2840,0,17139,120,100,5,0,7,2,0,1,9,47086.7212940879
227,0,1881,2843,0,17149,119,100,5,0,7,2,0,1,9,47216.0082069099
228,0,1882,2846,0,17158,118,100,5,0,7,2,0,1,9,47343.5604395447
229,0,1882,2849,0,17167,115,100,5,0,7,2,0,1,8,47469.0826272374
230,0,1882,2852,0,17176,129,100,5,0,7,2,0,1,9,47592.4272824575
231,0,1882,2855,0,17184,128,100,5,0,7,2,0,1,9,47714.4679011473
232,0,1882,2858,0,17192,127,100,5,0,7,2,0,1,9,47835.1616265651
233,0,1882,2861,0,17199,126,100,5,0,7,2,0,1,9,47954.4765839432
234,0,1883,2863,0,17206,125,100,5,0,7,2,0,1,9,48072.386834598
235,0,1884,2865,0,17213,123,100,5,0,7,2,0,1,9,48188.4160015413
236,0,1884,2867,0,17219,122,100,5,0,7,2,0,1,9,48305.2672895228
237,0,1884,2868,0,17225,121,100,5,0,7,2,0,1,9,48423.1557607346
238,0,1885,2866,0,17231,120,100,5,0,7,2,0,1,9,48541.9625982151
239,0,1886,2861,0,17237,117,100,5,0,7,2,0,1,8,48661.3694095803
240,0,1938,2853,0,17243,116,100,5,0,8,2,0,1,8,48779.4417801123
241,0,1939,2841,0,17248,115,100,5,0,8,2,0,1,8,48898.7966461671
242,0,1940,2825,0,17253,114,100,5,0,8,2,0,1,8,49019.2990596013
243,0,1941,2806,0,17259,113,100,5,0,8,2,0,1,8,49140.8565509242
244,0,1942,2783,0,17265,112,100,5,0,8,2,0,1,8,49263.3278797676
245,0,1943,2756,0,17272,110,100,5,0,8,2,0,1,8,49386.1774541951
246,0,1944,2726,0,17280,109,100,5,0,8,2,0,1,8,49512.2820035907
247,0,1945,2690,0,17289,108,100,5,0,8,2,0,1,8,49641.4232626138
248,0,1946,2647,0,17299,107,100,5,0,8,2,0,1,8,49776.5986379891
249,0,1945,2597,0,17310,104,100,5,0,8,2,0,1,7,49919.3333597532
250,0,1938,2541,0,17323,118,100,5,0,8,2,0,1,8,50069.1104173131
251,0,1924,2478,0,17338,117,100,5,0,8,2,0,1,8,50226.0066354199
252,0,1904,2409,0,17355,116,100,5,0,8,2,0,1,8,50389.3345078649
253,0,1878,2334,0,17375,115,100,5,0,8,2,0,1,8,50558.3534086009
254,0,1845,2253,0,17398,114,100,5,0,8,2,0,1,8,50732.2411949919
255,0,1806,2166,0,17424,112,100,5,0,8,2,0,1,8,50909.6614631734
256,0,1761,2074,0,17454,111,100,5,0,8,2,0,1,8,51090.0183308229
257,0,1709,1977,0,17488,110,100,5,0,8,2,0,1,8,51272.2464750403
258,0,1651,1877,0,17526,109,100,5,0,8,2,0,1,8,51455.2786654975
259,0,1588,1773,0,17569,106,100,5,0,8,2,0,1,7,51717.3861210616
260,0,1519,1667,0,17528,105,100,5,0,8,2,0,1,7,52064.3304801601
261,0,1445,1558,0,17392,104,100,5,0,8,2,0,1,7,52484.1594145386
262,0,1365,1447,0,17170,103,100,5,0,8,2,0,1,7,52964.408387414
263,0,1281,1336,0,16869,102,97.6373242946865,5,0,8,2,0,1,7,53492.7748683859
264,0,1195,1226,0,16497,101,94.8011165387299,5,0,8,2,0,1,7,54057.2561252712
265,0,1107,1118,0,16061,99,91.6409131691755,4,0,8,2,0,1,7,54645.3103518368
266,0,1019,1014,0,15569,98,88.2264978566444,4,0,8,2,0,1,7,55246.2517121684
267,0,933,913,0,15027,97,84.5877778885455,4,0,8,2,0,1,7,55848.9585477144
268,0,851,818,0,14441,96,80.7795832917954,4,0,8,2,0,1,7,56443.3106515756
269,0,773,728,0,13817,94,76.8218522580002,4,0,8,2,0,1,6,57018.9451821115
270,0,701,643,0,13161,93,72.7644302661749,3,0,8,2,0,1,6,57567.2493190262
271,0,636,564,0,12478,92,68.6372246037284,3,0,8,2,0,1,6,58079.5379200688
272,0,577,491,0,11772,91,64.4551889143655,3,0,8,2,0,1,6,58547.1987427292
273,0,526,425,0,11049,90,60.2631841291995,3,0,8,2,0,1,6,58962.9203713066
274,0,483,365,0,10313,89,56.076163891935,3,0,8,2,0,1,6,59319.4773621294
275,0,448,311,0,9567,88,51.9090818462765,2,0,8,2,0,1,6,59609.3064647636
276,0,420,263,0,8816,91,47.8018143754361,2,0,8,2,0,1,6,59826.7616505001
277,0,397,219,0,8063,94,43.7294387399063,1,0,8,2,0,1,6,59963.9198130512
278,0,380,182,0,7314,98,39.7467849666035,1,0,8,2,0,1,6,60015.88653724
279,0,368,149,0,6571,101,35.8339148639218,1,0,8,2,0,1,5,59976.6049586488
280,0,359,242,80,5840,159,32.0307048150733,1,0,8,3,1,1,6,59869.1340517568
281,0,353,219,92,5069,170,29.423786262586,1,0,8,3,1,1,6,59649.0663648861
282,0,349,199,107,4324,184,25.735220815472,1,0,8,3,1,1,6,59313.5036453333
283,0,346,183,127,3610,202,22.2709600239258,0,0,8,3,1,1,6,58860.6658157752
284,0,343,171,154,2933,225,19.0708802711594,0,0,8,3,1,1,6,58289.8291534941
285,0,340,162,191,2300,256,16.1947961319908,0,0,8,3,1,1,6,57601.5221877161
286,0,338,155,245,1719,297,13.7274449207457,0,0,8,3,1,1,6,56796.8861997292
287,0,335,150,325,1202,354,11.7934403349616,0,0,8,3,1,1,6,55876.4973795871
288,0,333,148,446,766,434,10.6021333865018,0,0,8,3,1,1,6,54844.3503693116
289,0,331,147,627,429,546,10.3678596351311,0,0,8,3,1,1,6,53709.3569100639
290,0,578,317,997,623,767,11.2700628053036,0,0,9,4,2,2,7,52522.696823634
291,0,583,320,1242,519,844,17.4857940384807,0,0,9,4,2,2,7,51318.8516752259
292,0,588,323,1508,487,874,18.8415910676902,1,0,9,4,2,2,7,50133.6118995941
293,0,593,327,1772,491,873,20.2173262885056,1,0,9,4,2,2,7,48988.7215714593
294,0,598,332,2010,509,868,21.5182932907985,1,0,9,4,2,2,7,47911.1704174778
295,0,604,337,2207,532,866,22.6597547602432,1,0,9,4,2,2,7,46879.0613860338
296,0,610,343,2365,559,884,23.7314325590669,1,0,9,4,2,2,7,45887.1285769269
297,0,615,348,2485,589,911,24.6635430166484,1,0,9,4,2,2,7,44940.8555058495
298,0,622,354,2563,622,944,25.4461170371847,1,0,9,4,2,2,7,44035.6893030489
299,0,627,358,2605,656,986,26.0791546206759,1,0,8,3,2,1,6,43154.5517268491
300,0,830,366,2711,696,1092,26.6972385604626,1,0,9,3,3,1,7,42277.3766313024
301,0,841,374,2724,737,1144,29.010068786761,1,0,9,3,3,1,7,41413.0982296314
302,0,853,382,2737,783,1191,29.6381218223507,1,0,9,3,3,1,7,40559.9765164855
303,0,866,391,2751,834,1235,30.2910975974479,1,0,9,3,3,1,7,39719.2505487687
304,0,880,402,2765,891,1274,30.9640115641511,1,0,9,3,3,1,7,38890.6590370866
305,0,895,413,2779,954,1307,31.6419100787559,1,0,9,3,3,1,7,38075.5653188435
306,0,911,425,2792,1025,1339,32.3596849765726,1,0,9,3,3,1,7,37274.3414517677
307,0,928,439,2803,1105,1362,33.0824444222909,1,0,9,3,3,1,7,36486.2528293298
308,0,947,454,2813,1196,1382,33.8550493470242,1,0,9,3,3,1,7,35711.229774062
309,0,967,469,2822,1300,1397,34.6675306549696,1,0,9,2,3,1,7,34946.9991918972
310,106,987,489,2905,1419,1455,35.5448110856345,1,1,9,2,4,1,8,34185.2147085852
311,122,1010,514,2920,1553,1461,37.7828730934104,1,1,9,2,4,1,8,33436.0235015541
312,138,1036,543,2934,1707,1461,38.9741800418702,2,1,9,2,4,1,8,32696.0350434783
313,154,1064,573,2948,1886,1460,40.3000697836706,2,1,9,2,4,1,8,31991.3769247181
314,168,1095,583,2962,2094,1454,41.6508822649786,2,1,9,2,4,1,8,31292.3089329203
315,183,1131,586,2977,2337,1454,43.2060612102482,2,1,9,2,4,1,8,30602.0807736654
316,195,1173,589,2991,2622,1451,44.9656066194796,2,1,9,2,4,1,8,29918.4922907545
317,205,1220,591,3005,2957,1447,46.9793639716878,2,1,9,2,4,1,8,29241.6514000214
318,213,1275,593,3017,3350,1442,49.2971787458877,3,1,9,2,4,1,8,28572.0193195978
319,219,1341,595,3027,3808,1434,51.9589273252916,3,1,9,2,4,1,7,27908.8233330511
320,301,1545,596,3036,4336,1460,55.0144551889144,3,2,10,2,4,1,8,27284.7302190431
321,313,1608,597,3043,4919,1447,59.4507028212541,3,2,10,2,4,1,8,26706.7069782104
322,328,1628,599,3053,5554,1437,62.8003190110657,3,2,10,2,4,1,8,26084.8189137603
323,345,1644,603,3065,6218,1435,66.344332569036,3,2,10,2,4,1,8,25518.6722006865
324,357,1659,604,3071,6874,1423,69.7238560462566,4,2,10,2,4,1,8,25040.4737171835
325,373,1674,606,3081,7487,1423,72.9937194696441,4,2,10,2,4,1,8,24655.3396477378
326,394,1691,613,3097,8030,1438,76.0791546206759,4,2,10,2,4,1,8,24363.710752759
327,419,1711,625,3118,8491,1470,78.9253314724354,4,2,10,2,4,1,8,24160.0843401474
328,448,1735,640,3143,8874,1513,81.5123118333167,4,2,10,2,4,1,8,24032.0567221686
329,478,1760,656,3173,9190,1559,83.8201575117137,4,2,10,2,4,1,7,23964.438767299
330,510,1862,673,3210,9451,1634,85.9485594656565,4,2,11,2,4,1,8,23949.0379063706
331,543,1891,691,3250,9659,1687,88.331173362576,5,2,11,2,4,1,8,23970.3738902356
332,578,1922,709,3293,9833,1742,90.1056724155119,5,2,11,2,4,1,8,24021.6752578734
333,614,1954,727,3337,9979,1799,91.7655268667132,5,2,11,2,4,1,8,24097.2675227693
334,651,1987,745,3382,10103,1856,93.3306749077859,5,2,11,2,4,1,8,24192.3401365311
335,689,2021,763,3427,10208,1914,94.8160701824345,5,2,11,2,4,1,8,24302.9173911647
336,728,2056,781,3472,10298,1971,96.231681786462,5,2,11,2,4,1,8,24425.9617278428
337,766,2091,799,3516,10374,2028,97.5675406240654,5,2,11,2,4,1,8,24558.8024480122
338,805,2127,818,3561,10438,2085,98.8635230784568,5,2,11,2,4,1,8,24700.0939889868
339,844,2160,837,3605,10492,2141,100,5,2,10,2,4,1,8,24846.9333253807
340,883,2196,856,3648,10537,2214,100,5,2,10,2,4,1,9,24999.0136043552
341,921,2231,875,3689,10573,2269,100,5,2,10,2,4,1,9,25155.0130284819
342,960,2266,894,3729,10601,2324,100,5,2,10,2,4,1,9,25313.415649082
343,998,2301,913,3768,10622,2377,100,5,2,10,2,4,1,9,25473.5455105327
344,1035,2336,932,3807,10636,2429,100,5,2,10,2,4,1,9,25634.7724996945
345,1072,2371,951,3845,10643,2482,100,5,2,10,2,4,1,9,25796.1926581573
346,1108,2405,970,3882,10643,2535,100,5,2,10,2,4,1,9,25951.7180050013
347,1142,2438,988,3918,10643,2587,100,5,2,10,2,4,1,9,26101.6488449521
348,1175,2471,1006,3953,10643,2638,100,5,2,10,2,4,1,9,26246.4969466689
349,1206,2503,1024,3986,10643,2688,100,5,2,10,2,4,1,9,26387.1346955789
350,1237,2533,1042,4018,10643,2750,100,5,2,10,2,4,1,10,26521.8923783885
351,1266,2562,1060,4049,10643,2797,100,5,2,10,2,4,1,10,26652.2279546815
352,1293,2590,1077,4078,10643,2842,100,5,2,10,2,4,1,10,26776.9918501995
353,1319,2616,1094,4106,10643,2887,100,5,2,10,2,4,1,10,26896.8743545782
354,1344,2642,1111,4133,10643,2930,100,5,2,10,2,4,1,10,27011.2534695561
355,1367,2668,1128,4158,10643,2971,100,5,2,10,2,4,1,10,27120.3214287106
356,1389,2692,1144,4183,10643,3009,100,5,2,10,2,4,1,10,27224.1272425036
357,1410,2715,1160,4207,10643,3045,100,5,2,10,2,4,1,10,27322.4748312029
358,1429,2738,1176,4229,10643,3080,100,5,2,10,2,4,1,10,27415.5902249745
359,1448,2756,1191,4251,10643,3112,100,5,2,9,2,4,1,10,27501.7588184382
360,1466,2777,1206,4272,10643,3142,100,5,2,9,2,4,1,10,27583.643385062
361,1482,2797,1220,4292,10643,3168,100,5,2,9,2,4,1,10,27660.511251263
362,1498,2816,1234,4312,10643,3191,100,5,2,9,2,4,1,10,27732.5475963171
363,1513,2834,1248,4331,10643,3208,100,5,2,9,2,4,1,10,27800.4652010301
364,1528,2852,1262,4349,10643,3222,100,5,2,9,2,4,1,10,27864.3445967896
365,1542,2869,1275,4366,10643,3232,100,5,2,9,2,4,1,10,27924.2180281577
366,1555,2886,1288,4382,10643,3238,100,5,2,9,2,4,1,10,27980.3242281256
367,1568,2902,1300,4398,10643,3240,100,5,2,9,2,4,1,10,28032.0902917257
368,1581,2918,1312,4414,10643,3236,100,5,2,9,2,4,1,10,28079.7100104182
369,1593,2934,1324,4430,10643,3229,100,5,2,9,2,4,1,10,28122.3300981822
370,1605,2992,1336,4446,10643,3232,100,5,2,10,2,4,1,11,28153.070757626
371,1617,3006,1348,4460,10643,3222,100,5,2,10,2,4,1,11,28179.0726255954
372,1627,3018,1359,4474,10643,3214,100,5,2,10,2,4,1,11,28195.2384634816
373,1637,3031,1370,4488,10643,3209,100,5,2,10,2,4,1,11,28202.5484717791
374,1647,3044,1381,4502,10643,3209,100,5,2,10,2,4,1,11,28200.3486572054
375,1656,3057,1391,4514,10643,3212,100,5,2,10,2,4,1,11,28188.6046151996
376,1664,3070,1401,4525,10643,3219,100,5,2,10,2,4,1,11,28168.00680776
377,1672,3081,1410,4536,10643,3231,100,5,2,10,2,4,1,11,28140.3114365484
378,1679,3092,1419,4546,10643,3247,100,5,2,10,2,4,1,11,28107.8200445699
379,1686,3100,1428,4555,10643,3261,100,5,2,9,2,4,1,10,28069.0281853587
380,1693,3110,1436,4564,10643,3276,100,5,2,9,2,4,1,10,28029.3162210346
381,1700,3120,1443,4573,10643,3285,100,5,2,9,2,4,1,10,27988.0921332373
382,1707,3129,1450,4582,10643,3290,100,5,2,9,2,4,1,10,27946.0683700698
383,1714,3138,1457,4591,10643,3289,100,5,2,9,2,4,1,10,27904.1984258814
384,1721,3147,1464,4600,10643,3283,100,5,2,9,2,4,1,10,27862.8341438029
385,1728,3157,1471,4609,10643,3272,100,5,2,9,2,4,1,10,27822.5504533518
386,1735,3167,1478,4618,10643,3256,100,5,2,9,2,4,1,10,27783.5550129789
387,1742,3175,1485,4627,10643,3235,100,5,2,9,2,4,1,10,27745.0917777635
388,1749,3186,1492,4636,10643,3209,100,5,2,9,2,4,1,10,27707.1186916131
389,1756,3198,1499,4645,10643,3181,100,5,2,9,2,4,1,10,27668.583101797
390,1763,3250,1506,4654,10643,3162,100,5,2,10,2,4,1,11,27621.546156788
391,1769,3262,1513,4663,10643,3131,100,5,2,10,2,4,1,11,27572.8823108109
392,1774,3273,1520,4671,10643,3101,100,5,2,10,2,4,1,11,27517.9139169241
393,1779,3285,1527,4679,10643,3075,100,5,2,10,2,4,1,11,27456.0154687367
394,1784,3297,1534,4687,10643,3055,100,5,2,10,2,4,1,11,27385.610351393
395,1789,3308,1541,4695,10643,3043,100,5,2,10,2,4,1,11,27306.2411669008
396,1794,3319,1547,4701,10643,3041,100,5,2,10,2,4,1,11,27218.5419887693
397,1798,3331,1552,4707,10643,3046,100,5,2,10,2,4,1,11,27123.4950752913
398,1802,3345,1557,4712,10643,3057,100,5,2,10,2,4,1,11,27023.9552479121
399,1805,3356,1562,4717,10643,3067,100,5,2,9,2,4,1,10,26918.16088936
400,1808,3408,1567,4722,10643,3093,100,5,2,10,2,4,1,11,26804.1855483829
401,1811,3420,1571,4727,10643,3108,100,5,2,10,2,4,1,11,26689.2255644635
402,1813,3433,1575,4731,10643,3123,100,5,2,10,2,4,1,11,26571.9310323984
403,1815,3446,1579,4735,10643,3137,100,5,2,10,2,4,1,11,26452.71275361
404,1817,3460,1583,4739,10643,3151,100,5,2,10,2,4,1,11,26331.3834833247
405,1819,3474,1587,4742,10642,3164,100,5,2,10,2,4,1,11,26208.2370556551
406,1821,3490,1590,4745,10641,3176,100,5,2,10,2,4,1,11,26083.9428120512
407,1823,3506,1593,4747,10640,3189,100,5,2,10,2,4,1,11,25960.7589010516
408,1825,3522,1596,4749,10639,3200,100,5,2,10,2,4,1,11,25839.2254810955
409,1827,3538,1599,4751,10638,3207,100,5,2,10,2,4,1,11,25722.113249328
410,1829,3556,1602,4751,10637,3220,100,5,2,10,2,4,1,12,25620.2211704204
411,1831,3574,1605,4737,10636,3217,100,5,2,10,2,4,1,12,25536.9541764808
412,1833,3593,1609,4709,10635,3210,100,5,2,10,2,4,1,12,25474.7621362219
413,1836,3614,1613,4665,10634,3198,100,5,2,10,2,4,1,12,25436.7408567347
414,1840,3638,1617,4601,10633,3179,100,5,2,10,2,4,1,12,25424.7717503781
415,1844,3663,1622,4517,10632,3156,100,5,2,10,2,4,1,12,25439.8476833113
416,1849,3691,1628,4412,10631,3127,100,5,2,10,2,4,1,12,25482.0719172899
417,1856,3721,1635,4286,10630,3092,100,5,2,10,2,4,1,12,25548.7265704423
418,1865,3755,1643,4140,10629,3053,100,5,2,10,2,4,1,12,25636.3753617265
419,1875,3791,1652,3979,10627,3011,100,5,2,10,2,4,1,12,25741.0026296151
420,1886,3831,1663,3807,10625,2977,100,5,2,10,2,4,1,13,25855.6691412825
421,1899,3874,1674,3629,10623,2927,100,5,2,10,2,4,1,13,25972.8297805861
422,1913,3917,1686,3455,10621,2872,100,5,2,10,2,4,1,13,26082.4146273719
423,1928,3963,1698,3294,10619,2817,100,5,2,10,2,4,1,13,26185.5141537237
424,1942,4010,1710,3145,10617,2761,100,5,2,10,2,4,1,13,26273.8663144888
425,1955,4058,1722,3015,10615,2706,100,5,2,10,2,4,1,13,26347.6203975962
426,1968,4107,1733,2905,10613,2651,100,5,2,10,2,4,1,13,26410.0246825504
427,1979,4154,1744,2813,10610,2593,100,5,2,10,2,4,1,13,26468.052886146
428,1990,4202,1754,2730,10607,2531,100,5,2,10,2,4,1,13,26532.0770637009
429,2000,4249,1764,2645,10604,2459,100,5,2,9,2,3,1,12,26604.1083581115
430,2011,4344,1774,2557,10601,2380,100,5,2,10,2,3,1,12,26692.4573039863
431,2022,4394,1784,2453,10598,2292,100,5,2,10,2,3,1,12,26790.6119163871
432,2034,4447,1795,2336,10595,2199,100,5,2,10,2,3,1,12,26889.9707640444
433,2047,4503,1807,2211,10591,2104,100,5,2,10,2,3,1,12,26983.1522926128
434,2060,4560,1819,2084,10587,2013,100,5,2,10,2,3,1,12,27064.4623325675
435,2072,4617,1831,1963,10583,1928,100,5,2,10,2,3,1,12,27130.7248533251
436,2084,4673,1842,1852,10579,1850,100,5,2,10,2,3,1,12,27182.9311419639
437,2095,4726,1852,1751,10574,1777,100,5,2,10,2,3,1,12,27227.0854823267
438,2105,4777,1862,1660,10569,1709,100,5,2,10,2,3,1,12,27271.0276424844
439,2114,4825,1871,1570,10564,1640,100,5,2,9,2,2,1,11,27315.1012446675
440,2123,4875,1880,1489,10559,1585,100,5,2,9,2,2,1,12,27378.4486395509
441,2132,4923,1889,1397,10553,1510,100,5,2,9,2,2,1,12,27451.2955781729
442,2142,4973,1899,1298,10547,1432,100,5,2,9,2,2,1,12,27535.9715324689
443,2147,5024,1909,1196,10541,1353,100,5,2,9,2,2,1,12,27630.7157634971
444,2142,5076,1920,1094,10534,1275,100,5,2,9,2,2,1,12,27732.3301269114
445,2124,5129,1931,995,10527,1200,100,5,2,9,2,2,1,12,27840.4857419592
446,2092,5183,1943,901,10520,1128,100,5,2,9,2,2,1,12,27956.7599375984
447,2045,5237,1955,811,10512,1060,100,5,2,9,2,2,1,12,28084.060372043
448,1982,5293,1967,724,10504,994,100,5,2,9,2,2,1,12,28220.8514797137
449,1903,5350,1980,633,10502,925,100,5,2,9,2,1,1,11,28366.540009959
450,1811,5464,1994,542,10504,855,100,5,2,10,2,1,1,11,28519.0444442021
451,1709,5524,2008,446,10511,782,100,5,2,10,2,1,1,11,28668.7692974381
452,1602,5585,2023,349,10524,708,100,5,2,10,2,1,1,11,28809.1134120164
453,1492,5645,2038,257,10543,637,100,5,2,10,2,1,1,11,28935.1621899217
454,1380,5702,2053,175,10568,571,100,5,2,10,2,1,1,11,29038.2283784437
455,1270,5757,2067,108,10599,512,100,5,2,10,2,1,1,11,29116.5274364666
456,1166,5807,2080,58,10635,461,100,5,2,10,2,1,1,11,29172.7418773309
457,1066,5853,2092,26,10674,418,100,5,2,10,2,1,1,11,29214.4882628744
458,969,5892,2103,9,10717,380,100,5,2,10,2,1,1,11,29253.0977014821
459,864,5928,2113,0,10762,342,99.7358189612202,5,1,10,2,0,1,10,29290.3816061694
460,759,6023,2123,0,10809,325,99.5015452098495,5,1,11,2,0,1,11,29340.7673367362
461,641,6057,2133,0,10856,290,99.576313428372,5,1,11,2,0,1,11,29395.5487635476
462,516,6092,2143,0,10905,256,99.2523178147742,5,1,11,2,0,1,11,29448.0363907973
463,391,6127,2153,0,10957,225,98.9582294885854,5,1,11,2,0,1,11,29491.078068274
464,275,6162,2163,0,11011,198,98.7389093809192,5,1,11,2,0,1,11,29518.9231732114
465,176,6194,2173,0,11067,176,98.6242647791845,5,1,11,2,0,1,11,29528.3255960138
466,99,6223,2181,0,11124,159,98.6242647791845,5,1,11,2,0,1,11,29519.3214307564
467,47,6248,2189,0,11182,149,98.7688166683282,5,1,11,2,0,1,11,29497.5769313778
468,18,6270,2196,0,11239,143,99.023028611305,5,1,11,2,0,1,11,29470.4274868457
469,0,6289,2202,0,11294,137,99.3021632937893,5,0,11,2,0,1,10,29440.0284166257
470,0,6307,2208,0,11348,152,99.6809889343037,5,0,11,2,0,1,11,29420.6475072089
471,0,6322,2214,0,11398,150,100,5,0,11,2,0,1,11,29409.8002538779
472,0,6337,2220,0,11446,148,100,5,0,11,2,0,1,11,29407.0696720193
473,0,6352,2226,0,11492,146,100,5,0,11,2,0,1,11,29411.7476420402
474,0,6367,2232,0,11536,144,100,5,0,11,2,0,1,11,29423.1764581237
475,0,6382,2238,0,11578,142,100,5,0,11,2,0,1,11,29440.6902978238
476,0,6397,2244,0,11618,141,100,5,0,11,2,0,1,11,29464.124082517
477,0,6412,2250,0,11656,140,100,5,0,11,2,0,1,11,29492.876037896
478,0,6427,2256,0,11692,138,100,5,0,11,2,0,1,11,29526.35413833
479,0,6442,2262,0,11726,135,100,5,0,11,2,0,1,10,29563.8771766397
480,0,6514,2267,0,11759,134,100,5,0,12,2,0,1,10,29603.4893528016
481,0,6529,2272,0,11788,132,100,5,0,12,2,0,1,10,29647.2050786814
482,0,6543,2277,0,11816,130,100,5,0,12,2,0,1,10,29694.2804230595
483,0,6557,2282,0,11843,128,100,5,0,12,2,0,1,10,29744.3700587349
484,0,6571,2287,0,11868,127,100,5,0,12,2,0,1,10,29797.3520731041
485,0,6585,2291,0,11892,125,100,5,0,12,2,0,1,10,29852.4756809534
486,0,6599,2295,0,11915,124,100,5,0,12,2,0,1,10,29909.8568917791
487,0,6613,2299,0,11937,123,100,5,0,12,2,0,1,10,29969.1123740435
488,0,6626,2303,0,11957,122,100,5,0,12,2,0,1,10,30033.4448655485
489,0,6635,2307,0,11976,119,100,5,0,12,2,0,1,9,30102.3313837481
490,0,6640,2311,0,11995,134,100,5,0,12,2,0,1,10,30175.5014486466
491,0,6641,2316,0,12012,133,100,5,0,12,2,0,1,10,30253.2018257282
492,0,6637,2321,0,12029,132,100,5,0,12,2,0,1,10,30334.9357390399
493,0,6628,2327,0,12046,130,100,5,0,12,2,0,1,10,30419.9600989974
494,0,6614,2333,0,12062,129,100,5,0,12,2,0,1,10,30508.0207254391
495,0,6596,2339,0,12078,127,100,5,0,12,2,0,1,10,30598.1269945952
496,0,6572,2345,0,12095,126,100,5,0,12,2,0,1,10,30690.1237051675
497,0,6543,2351,0,12112,125,100,5,0,12,2,0,1,10,30783.3000378982
498,0,6509,2357,0,12129,124,100,5,0,12,2,0,1,10,30876.9924045334
499,0,6472,2363,0,12147,122,100,5,0,12,2,0,1,9,30970.4538799699
500,0,6485,2369,0,12166,138,100,5,0,13,2,0,1,10,31060.8910559439
501,0,6440,2375,0,12183,138,100,5,0,13,2,0,1,10,31150.8775869389
502,0,6390,2381,0,12201,138,100,5,0,13,2,0,1,10,31239.4160958572
503,0,6338,2387,0,12220,138,100,5,0,13,2,0,1,10,31325.9871781815
504,0,6285,2393,0,12240,138,100,5,0,13,2,0,1,10,31410.0415269853
505,0,6231,2399,0,12261,138,100,5,0,13,2,0,1,10,31491.0086738334
506,0,6176,2405,0,12283,138,100,5,0,13,2,0,1,10,31568.3733415435
507,0,6123,2411,0,12306,138,100,5,0,13,2,0,1,10,31641.8411530408
508,0,6072,2417,0,12330,138,100,5,0,13,2,0,1,10,31711.1806150373
509,0,6024,2422,0,12354,138,100,5,0,13,2,0,1,10,31776.2832936586
510,0,6036,2426,0,12379,137,100,5,0,14,2,0,1,10,31834.6547239604
511,0,5998,2430,0,12403,136,100,5,0,14,2,0,1,10,31889.3284002751
512,0,5966,2434,0,12427,135,100,5,0,14,2,0,1,10,31940.4385827879
513,0,5940,2438,0,12451,134,100,5,0,14,2,0,1,10,31988.5343387653
514,0,5920,2442,0,12475,133,100,5,0,14,2,0,1,10,32034.2531383002
515,0,5905,2446,0,12499,131,100,5,0,14,2,0,1,10,32077.7991306041
516,0,5895,2450,0,12522,130,100,5,0,14,2,0,1,10,32121.9490858313
517,0,5889,2452,0,12545,129,100,5,0,14,2,0,1,10,32167.8267572843
518,0,5887,2452,0,12567,128,100,5,0,14,2,0,1,10,32215.8907218671
519,0,5886,2449,0,12589,126,100,5,0,14,2,0,1,9,32266.1474574338
520,0,5887,2443,0,12610,126,100,5,0,14,2,0,1,9,32319.6385817446
521,0,5891,2434,0,12631,126,100,5,0,14,2,0,1,9,32376.6580645909
522,0,5896,2422,0,12651,126,100,5,0,14,2,0,1,9,32437.2274509057
523,0,5903,2407,0,12671,126,100,5,0,14,2,0,1,9,32501.4170798042
524,0,5910,2389,0,12691,126,100,5,0,14,2,0,1,9,32568.9242253997
525,0,5917,2367,0,12711,126,100,5,0,14,2,0,1,9,32639.5206062988
526,0,5925,2342,0,12731,126,100,5,0,14,2,0,1,9,32715.4375396928
527,0,5932,2312,0,12751,126,100,5,0,14,2,0,1,9,32796.112315521
528,0,5941,2277,0,12771,126,100,5,0,14,2,0,1,9,32881.6829053726
529,0,5950,2235,0,12792,126,100,5,0,14,2,0,1,9,32971.8790222912
530,0,6014,2188,0,12813,125,100,5,0,15,2,0,1,9,33063.9692726
531,0,6023,2135,0,12834,124,100,5,0,15,2,0,1,9,33159.9655055031
532,0,6031,2076,0,12856,123,100,5,0,15,2,0,1,9,33258.7390554299
533,0,6040,2012,0,12879,122,100,5,0,15,2,0,1,9,33360.4747900436
534,0,6049,1942,0,12903,121,100,5,0,15,2,0,1,9,33464.653327672
535,0,6058,1867,0,12929,119,100,5,0,15,2,0,1,9,33570.3749756487
536,0,6068,1788,0,12956,118,100,5,0,15,2,0,1,9,33677.5270912573
537,0,6080,1704,0,12985,117,100,5,0,15,2,0,1,9,33785.5708908305
538,0,6092,1617,0,13016,116,100,5,0,15,2,0,1,9,33895.182556898
539,0,6100,1527,0,13049,114,100,5,0,14,2,0,1,8,34007.6934589609
540,0,6106,1434,0,13084,129,100,5,0,14,2,0,1,9,34123.6424135643
541,0,6106,1340,0,13120,128,100,5,0,14,2,0,1,9,34242.8329258876
542,0,6101,1246,0,13158,127,100,5,0,14,2,0,1,9,34364.5071961968
543,0,6091,1151,0,13199,126,100,5,0,14,2,0,1,9,34487.9064082618
544,0,6075,1057,0,13242,125,100,5,0,14,2,0,1,9,34612.2587527528
545,0,6053,964,0,13288,124,100,5,0,14,2,0,1,9,34736.8460579184
546,0,6025,874,0,13337,123,100,5,0,14,2,0,1,9,34861.0380622659
547,0,5992,787,0,13389,122,100,5,0,14,2,0,1,9,34984.2296156487
548,0,5954,704,0,13444,121,100,5,0,14,2,0,1,9,35105.8573599142
549,0,5911,625,0,13501,119,100,5,0,14,2,0,1,8,35270.1850395263
550,0,5859,551,0,13514,135,99.9003090419699,5,0,14,2,0,1,9,35509.5517281907
551,0,5798,481,0,13443,134,98.9731831322899,5,0,14,2,0,1,9,35812.9679707149
552,0,5731,416,0,13294,133,97.5675406240654,5,0,14,2,0,1,9,36171.8620152482
553,0,5657,357,0,13070,132,95.7830724753265,5,0,14,2,0,1,9,36576.9326710314
554,0,5579,303,0,12777,131,93.6596550692852,5,0,14,2,0,1,9,37018.8397328058
555,0,5499,254,0,12419,130,91.2271956933506,4,0,14,2,0,1,9,37488.2233884193
556,0,5416,211,0,12001,129,88.5106170870302,4,0,14,2,0,1,9,37975.6506147472
557,0,5334,173,0,11528,128,85.549795633536,4,0,14,2,0,1,9,38471.8685293675
558,0,5252,140,0,11005,127,82.3646695244741,4,0,14,2,0,1,9,38967.4319953268
559,0,5171,112,0,10436,125,78.9751769514505,4,0,14,2,0,1,8,39452.8918309384
560,0,5094,89,0,9827,150,75.4361479413817,4,0,14,2,0,1,9,39921.2617421035
561,0,5020,70,0,9179,150,71.8721961918054,3,0,14,2,0,1,9,40362.2283011271
562,0,4949,55,0,8500,150,68.0590170471538,3,0,14,2,0,1,9,40767.3876368267
563,0,4883,43,0,7795,150,64.1561160402752,3,0,14,2,0,1,9,41128.5665586696
564,0,4821,34,0,7069,150,60.1834313627754,3,0,14,2,0,1,9,41368.5653673225
565,0,4825,27,0,6328,149,56.4699431761539,3,0,14,2,0,1,9,41447.1559398628
566,0,4914,22,0,5574,149,53.1302960821453,2,0,14,2,0,1,9,41435.8098814849
567,0,5017,17,0,4813,152,49.8404944671518,2,0,14,2,0,1,9,41350.1143996789
568,0,5113,14,0,4056,159,46.5656464958628,2,0,14,2,0,1,9,41174.2502684585
569,0,5212,12,0,3318,165,43.4004585784069,2,0,14,2,0,1,8,40893.6965562463
570,0,5478,10,0,2879,218,40.4844980560263,2,0,15,2,0,2,9,40506.5708601292
571,0,5604,9,0,2227,229,40.2203170172465,1,0,15,2,0,2,9,39992.3463450141
572,0,5755,7,0,1661,241,38.2015751171369,1,0,15,2,0,2,9,39350.2637946761
573,0,5938,6,0,1199,254,36.870700827435,1,0,15,2,0,2,9,38591.7092957426
574,0,6155,6,0,852,269,36.2974778187618,1,0,15,2,0,2,9,37740.0384056072
575,0,6407,6,0,613,286,36.447014255807,1,0,15,2,0,2,9,36827.2411314038
576,0,6691,6,0,464,307,37.2246037284418,1,0,15,2,0,2,9,35888.6038727924
577,0,6996,5,0,381,328,38.4308643206061,1,0,15,2,0,2,9,34954.0737305384
578,0,7315,5,0,341,349,39.9262286910577,2,0,15,2,0,2,9,34048.0079908838
579,0,7635,3,0,325,369,41.5312531153424,2,0,15,1,0,2,9,33184.1790427538
580,93,8097,3,0,572,389,43.1711693749377,2,1,16,1,0,3,9,32433.312110782
581,106,8310,3,0,578,409,46.8846575615592,2,1,16,1,0,3,9,31742.6589605391
582,121,8480,2,0,586,429,47.9413817166783,2,1,16,1,0,3,9,31100.732065616
583,137,8613,2,0,596,450,48.8386003389493,2,1,16,1,0,3,9,30498.4072414508
584,155,8710,2,0,607,472,49.576313428372,3,1,16,1,0,3,9,29927.2333080338
585,175,8778,2,0,618,493,50.1744591765527,3,1,16,1,0,3,9,29379.0414192924
586,197,8820,2,0,630,515,50.6629448709002,3,1,16,1,0,3,9,28847.7860689214
587,221,8840,2,0,643,538,51.0617087030206,3,1,16,1,0,3,9,28353.726655575
588,247,8814,2,0,656,562,51.2461369753763,3,1,16,1,0,3,9,27894.5005821842
589,276,8736,0,0,668,585,51.1663842089522,3,1,15,0,0,2,8,27459.0116952948
590,307,8613,0,0,682,653,50.92712590968,3,1,15,0,0,2,9,27047.3130175608
591,341,8442,0,0,697,685,50.6679294188017,3,1,15,0,0,2,9,26651.7799028157
592,377,8226,0,0,712,718,50.009969095803,2,1,15,0,0,2,9,26265.0867323827
593,416,7971,0,0,729,752,49.1875186920546,2,1,15,0,0,2,9,25881.4306576906
594,456,7682,0,0,746,788,48.2105473033596,2,1,15,0,0,2,9,25494.5589408157
595,497,7365,0,0,764,828,47.1239158608314,2,1,15,0,0,2,9,25103.498090916
596,537,7025,0,0,782,870,45.9276243644701,2,1,15,0,0,2,9,24704.8369700346
597,575,6668,0,0,802,913,44.6515801016848,2,1,15,0,0,2,9,24295.8710675663
598,609,6300,0,0,823,960,43.3256903598844,2,1,15,0,0,2,9,23874.5850168904
599,639,5924,0,0,845,1009,41.9549396869704,2,1,14,0,0,2,9,23438.0421515559
600,665,5701,0,0,868,1108,40.5792044661549,2,1,15,0,0,2,10,22989.1054697169
601,686,5310,0,0,893,1167,40.155517894527,1,1,15,0,0,2,10,22520.6753783146
602,703,4917,0,0,919,1230,38.7249526467949,1,1,15,0,0,2,10,22030.8265101765
603,716,4525,0,0,948,1296,37.3093410427674,1,1,15,0,0,2,10,21494.3970871971
604,750,4135,0,0,978,1368,36.0432658757851,1,1,15,0,0,2,10,20902.6278384485
605,815,3751,0,0,1011,1447,35.0114644601735,1,1,15,0,0,2,10,20267.3635765144
606,901,3382,0,0,1047,1528,34.1840295085236,1,1,15,0,0,2,10,19596.9321329232
607,1003,3033,0,0,1086,1604,33.5260691855249,1,1,15,0,0,2,10,18898.5375642861
608,1118,2716,0,0,1129,1677,33.0973980659954,1,1,15,0,0,2,10,18177.5099212435
609,1242,2441,0,0,1176,1738,32.8830625062307,1,1,15,0,0,2,9,17439.2155322447
610,1368,2220,120,78,1523,1793,32.9378925331472,1,1,15,1,1,3,9,16748.271953976
611,1418,2054,123,87,1582,1833,35.3753364569834,1,1,15,1,1,3,9,16046.2753587834
612,1462,1943,126,98,1647,1872,35.6295483999601,1,1,15,1,1,3,9,15358.6388898724
613,1495,1883,130,109,1718,1899,36.0582195194896,1,1,15,1,1,3,9,14690.7261968168
614,1517,1864,134,121,1795,1917,36.6264579802612,1,1,15,1,1,3,9,14047.2588762564
615,1529,1877,139,132,1879,1930,37.3143255906689,1,1,15,1,1,3,9,13429.2623041997
616,1534,1915,145,142,1972,1940,38.1218223507128,1,1,15,1,1,3,9,12838.3906089169
617,1535,1970,153,151,2074,1949,39.0389791645898,2,1,15,1,1,3,9,12275.4823219164
618,1535,2039,161,158,2187,1957,40.0608114843984,2,1,15,1,1,3,9,11744.5926571417
619,1535,2117,165,164,2312,1960,41.1374738311235,2,1,14,1,1,3,8,11236.9579810477
620,1535,2209,272,236,2705,2010,42.3636726148938,2,1,14,2,2,4,9,10744.7072854865
621,1535,2317,280,246,2860,2016,46.1270062805304,2,1,14,2,2,4,9,10281.3507981793
622,1535,2439,287,254,3033,2021,47.6971388695045,2,1,14,2,2,4,9,9840.38949006784
623,1535,2577,293,262,3227,2026,49.4467151829329,3,1,14,2,2,4,9,9423.87570443713
624,1535,2729,298,269,3446,2028,51.3657661250125,3,1,14,2,2,4,9,9029.42244277138
625,1535,2891,303,276,3692,2025,53.4443225999402,3,1,14,2,2,4,9,8678.12125957809
626,1535,3048,307,283,3971,2019,55.642508224504,3,1,14,2,2,4,9,8404.08696162683
627,1535,3164,313,291,4287,2011,57.8257402053634,3,1,14,2,2,4,9,8222.02568458007
628,1535,3204,322,304,4645,2009,59.9092812281926,3,1,14,2,2,4,9,8028.31657586556
629,1535,3224,333,321,5051,2013,62.192204167082,3,1,13,2,2,4,9,7830.01081713491
630,1535,3242,416,337,5506,2041,64.6695244741302,3,1,13,3,2,4,10,7569.27179723023
631,1535,3262,428,350,6009,2034,67.8795733226996,4,1,13,3,2,4,10,7297.51143604352
632,1535,3284,435,357,6554,2015,70.6808892433456,4,1,13,3,2,4,10,7036.39550116485
633,1535,3309,440,361,7128,1993,73.6018343136278,4,1,13,3,2,4,10,6822.17731010437
634,1535,3335,444,364,7713,1971,76.5726248629249,4,1,13,3,2,4,10,6688.45463161913
635,1535,3361,450,369,8284,1951,79.5035390290101,4,1,13,3,2,4,10,6642.87413869895
636,1535,3386,459,379,8825,1939,82.3596849765726,4,1,13,3,2,4,10,6685.73214185153
637,1535,3408,471,393,9328,1935,85.086232678696,4,1,13,3,2,4,10,6809.32279606569
638,1535,3434,483,410,9791,1940,87.6931512311833,5,1,13,3,2,4,10,7002.35278014316
639,1535,3462,494,428,10213,1948,90.1206260592164,5,1,13,3,2,4,9,7277.52709991217
640,1535,3488,505,446,10590,1962,92.3437344232878,5,1,13,3,2,4,9,7629.90436651481
641,1535,3512,516,466,10916,1981,94.3375535838899,5,1,13,3,2,4,9,8052.45814473378
642,1535,3539,526,486,11184,2004,96.0721762536138,5,1,13,3,2,4,9,8548.08742814668
643,1535,3567,536,507,11385,2031,97.5027415013458,5,1,13,3,2,4,9,9106.91504883342
644,1535,3596,545,529,11522,2063,98.6442029707905,5,1,13,3,2,4,9,9687.10730457664
645,1535,3629,553,552,11626,2101,99.6710198385007,5,1,13,3,2,4,9,10272.7701369025
646,1535,3664,561,575,11708,2143,100,5,1,13,3,2,4,9,10855.2171122873
647,1535,3699,569,600,11775,2189,100,5,1,13,3,2,4,9,11431.8292174959
648,1535,3735,577,625,11830,2237,100,5,1,13,3,2,4,9,11996.4782907249
649,1535,3770,585,650,11877,2288,100,5,1,13,3,2,4,8,12548.3901509041
650,1535,3805,593,676,11916,2342,100,5,1,13,3,2,4,8,13087.3014752376
651,1535,3840,602,703,11946,2396,100,5,1,13,3,2,4,8,13609.8673310469
652,1535,3874,612,730,11969,2450,100,5,1,13,3,2,4,8,14108.5356119049
653,1535,3908,622,758,11990,2503,100,5,1,13,3,2,4,8,14581.5011740115
654,1535,3940,632,786,12008,2555,100,5,1,13,3,2,4,8,15025.6703507063
655,1535,3971,642,814,12024,2606,100,5,1,13,3,2,4,8,15450.025412164
656,1535,4000,652,841,12037,2656,100,5,1,13,3,2,4,8,15860.4546204665
657,1535,4029,663,868,12048,2706,100,5,1,13,3,2,4,8,16255.9928765929
658,1535,4058,674,895,12058,2756,100,5,1,13,3,2,4,8,16637.15009097
659,1535,4088,685,921,12067,2804,100,5,1,13,3,2,4,8,17004.1211709213
660,1535,4117,696,947,12075,2866,100,5,1,13,3,2,4,9,17355.4841946593
661,1535,4145,708,972,12083,2912,100,5,1,13,3,2,4,9,17692.62368
662,1535,4170,720,997,12089,2957,100,5,1,13,3,2,4,9,18015.1810106989
663,1535,4195,732,1021,12095,3000,100,5,1,13,3,2,4,9,18323.883387114
664,1535,4219,744,1045,12100,3041,100,5,1,13,3,2,4,9,18618.7195875674
665,1535,4244,757,1068,12105,3081,100,5,1,13,3,2,4,9,18900.0095697614
666,1535,4269,770,1090,12109,3120,100,5,1,13,3,2,4,9,19168.0276040869
667,1535,4296,783,1111,12113,3158,100,5,1,13,3,2,4,9,19422.8829352584
668,1535,4321,796,1131,12117,3195,100,5,1,13,3,2,4,9,19665.2076104543
669,1535,4343,810,1150,12121,3228,100,5,1,12,3,2,4,9,19893.5334327908
670,1535,4415,824,1169,12124,3272,100,5,1,13,3,2,4,10,20103.0955510809
671,1535,4441,838,1186,12127,3299,100,5,1,13,3,2,4,10,20301.3812527603
672,1535,4466,852,1202,12129,3322,100,5,1,13,3,2,4,10,20489.0940485401
673,1535,4493,866,1217,12131,3341,100,5,1,13,3,2,4,10,20667.6114231995
674,1535,4520,880,1231,12133,3354,100,5,1,13,3,2,4,10,20838.2889332229
675,1535,4547,894,1245,12135,3360,100,5,1,13,3,2,4,10,21001.6852938073
676,1535,4576,908,1258,12137,3361,100,5,1,13,3,2,4,10,21158.68147862
677,1535,4606,923,1270,12139,3356,100,5,1,13,3,2,4,10,21308.8601321179
678,1535,4638,937,1282,12141,3347,100,5,1,13,3,2,4,10,21453.0640039399
679,1535,4669,951,1294,12143,3333,100,5,1,13,3,2,4,10,21590.7167777124
680,1535,4701,965,1306,12145,3316,100,5,1,13,3,2,4,10,21721.4846289593
681,1535,4736,979,1317,12147,3296,100,5,1,13,3,2,4,10,21844.8117034907
682,1535,4768,993,1327,12149,3272,100,5,1,13,3,2,4,10,21958.3440252295
683,1535,4803,1007,1337,12150,3247,100,5,1,13,3,2,4,10,22062.0229834483
684,1535,4841,1021,1347,12151,3222,100,5,1,13,3,2,4,10,22154.5638470692
685,1535,4880,1035,1356,12152,3198,100,5,1,13,3,2,4,10,22236.458852676
686,1535,4921,1048,1365,12153,3175,100,5,1,13,3,2,4,10,22309.9633367009
687,1535,4959,1061,1373,12154,3151,100,5,1,13,3,2,4,10,22375.7161656028
688,1535,5002,1074,1381,12155,3125,100,5,1,13,3,2,4,10,22436.2446209673
689,1535,5043,1087,1388,12155,3094,100,5,1,12,3,2,4,9,22490.4702993449
690,1535,5128,1100,1395,12155,3073,100,5,1,13,3,2,4,10,22532.7221146573
691,1535,5173,1112,1402,12155,3036,100,5,1,13,3,2,4,10,22570.6274503138
692,1535,5218,1124,1409,12154,2995,100,5,1,13,3,2,4,10,22602.3736651624
693,1535,5266,1136,1416,12153,2953,100,5,1,13,3,2,4,10,22627.3468512649
694,1535,5313,1148,1421,12152,2911,100,5,1,13,3,2,4,10,22644.8625038431
695,1535,5361,1160,1426,12151,2868,100,5,1,13,3,2,4,10,22653.9991750907
696,1535,5410,1172,1431,12150,2828,100,5,1,13,3,2,4,10,22655.4706427358
697,1535,5459,1183,1436,12149,2790,100,5,1,13,3,2,4,10,22651.748539659
698,1535,5508,1193,1441,12148,2753,100,5,1,13,3,2,4,10,22647.2456848363
699,1535,5553,1203,1446,12147,2711,100,5,1,12,3,2,4,9,22642.5709347883
700,1535,5599,1213,1451,12146,2668,100,5,1,12,3,2,4,9,22640.8749941377
701,1535,5644,1223,1456,12145,2619,100,5,1,12,3,2,4,9,22640.7735324999
702,1535,5689,1233,1461,12144,2566,100,5,1,12,3,2,4,9,22640.430709075
703,1535,5734,1243,1466,12143,2512,100,5,1,12,3,2,4,9,22638.4313788178
704,1535,5778,1253,1471,12142,2458,100,5,1,12,3,2,4,9,22633.6617025926
705,1535,5820,1263,1476,12141,2405,100,5,1,12,3,2,4,9,22625.8601182676
706,1535,5860,1273,1481,12139,2355,100,5,1,12,3,2,4,9,22615.7673113167
707,1535,5898,1283,1486,12137,2306,100,5,1,12,3,2,4,9,22604.8270848134
708,1535,5934,1293,1491,12135,2258,100,5,1,12,3,2,4,9,22596.2640381797
709,1535,5967,1303,1496,12133,2205,100,5,1,12,3,2,4,8,22587.9033239158
710,1535,6000,1313,1501,12132,2153,100,5,1,12,3,2,4,8,22581.5705706498
711,1535,6031,1322,1506,12131,2099,100,5,1,12,3,2,4,8,22574.5120160861
712,1535,6061,1331,1511,12130,2046,100,5,1,12,3,2,4,8,22574.243531391
713,1524,6090,1340,1516,12129,1999,100,5,1,12,3,2,4,8,22580.8442552642
714,1496,6119,1350,1521,12127,1961,100,5,1,12,3,2,4,8,22593.6238713843
715,1450,6150,1360,1527,12126,1934,100,5,1,12,3,2,4,8,22614.7651266703
716,1384,6181,1370,1533,12125,1918,100,5,1,12,3,2,4,8,22646.6115433436
717,1297,6211,1380,1540,12124,1912,100,5,1,12,3,2,4,8,22690.1966747387
718,1189,6244,1391,1547,12124,1914,100,5,1,12,3,2,4,8,22749.8370103309
719,1061,6277,1402,1555,12124,1919,100,5,1,12,3,2,4,7,22824.9865171843
720,917,6356,1414,1564,12125,1927,100,5,1,13,3,2,4,7,22908.7412509667
721,762,6392,1427,1574,12128,1932,100,5,1,13,3,2,4,7,23003.4454483296
722,603,6427,1440,1585,12131,1934,100,5,1,13,3,2,4,7,23100.1766360894
723,449,6463,1454,1596,12136,1931,100,5,1,13,3,2,4,7,23193.2406207344
724,309,6498,1468,1608,12139,1923,100,5,1,13,3,2,4,7,23277.7030103709
725,193,6531,1482,1620,12142,1907,100,5,1,13,3,2,4,7,23349.897210086
726,106,6563,1495,1631,12145,1885,100,5,1,13,3,2,4,7,23410.1326121001
727,49,6591,1508,1642,12147,1854,100,5,1,13,3,2,4,7,23461.8118913999
728,17,6615,1521,1652,12147,1817,100,5,1,13,3,2,4,7,23510.6986690981
729,0,6631,1533,1661,12146,1773,100,5,0,12,3,2,4,7,23558.3786752763
730,0,6647,1544,1670,12145,1736,100,5,0,12,3,2,4,8,23615.2503117041
731,0,6659,1555,1678,12143,1682,100,5,0,12,3,2,4,8,23679.7304279647
732,0,6669,1566,1687,12141,1625,100,5,0,12,3,2,4,8,23749.4020276757
733,0,6678,1577,1696,12139,1568,100,5,0,12,3,2,4,8,23823.1995082158
734,0,6685,1588,1705,12137,1512,100,5,0,12,3,2,4,8,23899.7811477987
735,0,6688,1599,1715,12136,1459,100,5,0,12,3,2,4,8,23978.4679704732
736,0,6689,1610,1725,12134,1409,100,5,0,12,3,2,4,8,24059.0995394907
737,0,6686,1621,1735,12132,1362,100,5,0,12,3,2,4,8,24141.851679402
738,0,6682,1632,1744,12128,1318,100,5,0,12,3,2,4,8,24229.0770198676
739,0,6676,1643,1754,12124,1271,100,5,0,12,3,2,4,7,24320.5175305415
740,0,6670,1654,1762,12119,1239,100,5,0,12,3,2,4,8,24418.8650820353
741,0,6665,1665,1765,12114,1195,100,5,0,12,3,2,4,8,24523.6065637123
742,0,6658,1676,1761,12108,1153,100,5,0,12,3,2,4,8,24631.9852164504
743,0,6654,1688,1750,12103,1115,100,5,0,12,3,2,4,8,24745.8405331761
744,0,6648,1701,1730,12097,1085,100,5,0,12,3,2,4,8,24864.4018833606
745,0,6639,1714,1700,12091,1062,100,5,0,12,3,2,4,8,24987.4001483132
746,0,6630,1727,1661,12084,1048,100,5,0,12,3,2,4,8,25115.8766339797
747,0,6621,1740,1612,12076,1041,100,5,0,12,3,2,4,8,25250.6891715056
748,0,6611,1753,1553,12068,1040,100,5,0,12,3,2,4,8,25394.3822324907
749,0,6601,1766,1484,12059,1038,100,5,0,11,3,2,4,7,25545.2047067078
750,0,6594,1779,1408,12051,1051,100,5,0,11,3,2,4,8,25708.7063883075
751,0,6588,1792,1322,12043,1046,100,5,0,11,3,2,4,8,25883.4436260267
752,0,6582,1806,1229,12034,1037,100,5,0,11,3,2,4,8,26066.8871986803
753,0,6578,1821,1133,12024,1021,100,5,0,11,3,2,4,8,26259.6175270417
754,0,6572,1836,1038,12014,1000,100,5,0,11,3,2,4,8,26460.3132173141
755,0,6563,1851,946,12004,972,100,5,0,11,3,2,4,8,26667.9512256021
756,0,6551,1867,857,11994,936,100,5,0,11,3,2,4,8,26883.0393938072
757,0,6535,1884,773,11982,893,100,5,0,11,3,2,4,8,27107.4483043458
758,0,6516,1901,690,11969,843,100,5,0,11,3,2,4,8,27342.2815931233
759,0,6490,1918,604,11956,788,100,5,0,10,3,1,4,8,27584.7895809041
760,0,6515,1936,517,11942,727,100,5,0,11,3,1,4,8,27828.8276425834
761,0,6484,1955,425,11932,663,100,5,0,11,3,1,4,8,28068.5824287783
762,0,6448,1974,333,11931,599,100,5,0,11,3,1,4,8,28298.4820952951
763,0,6408,1993,245,11937,536,100,5,0,11,3,1,4,8,28512.9155413031
764,0,6363,2012,167,11948,478,100,5,0,11,3,1,4,8,28717.7632795381
765,0,6316,2030,103,11962,426,100,5,0,11,3,1,4,8,28905.5849770837
766,0,6266,2047,56,11978,380,100,5,0,11,3,1,4,8,29077.3568037771
767,0,6211,2063,25,11997,341,100,5,0,11,3,1,4,8,29234.9619181093
768,0,6156,2078,9,12017,307,100,5,0,11,3,1,4,8,29382.4097322038
769,0,6099,2093,0,12040,273,100,5,0,11,3,0,4,7,29521.5531831634
770,0,6101,2107,0,12067,242,100,5,0,12,3,0,4,7,29659.7710848841
771,0,6044,2120,0,12092,211,100,5,0,12,3,0,4,7,29794.4890853281
772,0,5990,2133,0,12121,181,100,5,0,12,3,0,4,7,29924.5977552757
773,0,5937,2146,0,12152,153,100,5,0,12,3,0,4,7,30049.3150904506
774,0,5888,2158,0,12184,129,100,5,0,12,3,0,4,7,30168.1301991118
775,0,5840,2170,0,12217,109,100,5,0,12,3,0,4,7,30280.5054979947
776,0,5797,2182,0,12252,95,100,5,0,12,3,0,4,7,30387.3570687999
777,0,5758,2193,0,12286,87,100,5,0,12,3,0,4,7,30490.9882924449
778,0,5722,2203,0,12319,83,100,5,0,12,3,0,4,7,30595.3175415029
779,0,5684,2213,0,12352,79,100,5,0,11,3,0,4,6,30698.4233166575
780,0,5648,2223,0,12385,79,100,5,0,11,3,0,4,6,30804.3316632881
781,0,5612,2233,0,12416,79,100,5,0,11,3,0,4,6,30912.1607662241
782,0,5577,2243,0,12447,79,100,5,0,11,3,0,4,6,31022.3197868239
783,0,5541,2253,0,12478,79,100,5,0,11,3,0,4,6,31134.6445108417
784,0,5505,2262,0,12508,79,100,5,0,11,3,0,4,6,31249.3514589077
785,0,5468,2271,0,12538,79,100,5,0,11,3,0,4,6,31366.471251978
786,0,5430,2280,0,12569,79,100,5,0,11,3,0,4,6,31486.0638431041
787,0,5388,2289,0,12599,79,100,5,0,11,3,0,4,6,31607.4200395094
788,0,5344,2298,0,12630,79,100,5,0,11,3,0,4,6,31730.8474882298
789,0,5297,2307,0,12662,79,100,5,0,11,3,0,4,6,31855.9256206872
790,0,5247,2316,0,12695,96,100,5,0,11,3,0,4,7,31981.8012084547
791,0,5194,2325,0,12727,96,100,5,0,11,3,0,4,7,32108.1610545767
792,0,5137,2334,0,12760,96,100,5,0,11,3,0,4,7,32233.6122527463
793,0,5079,2342,0,12793,96,100,5,0,11,3,0,4,7,32358.3545732751
794,0,5020,2350,0,12828,96,100,5,0,11,3,0,4,7,32481.7172650959
795,0,4961,2358,0,12865,96,100,5,0,11,3,0,4,7,32603.540770817
796,0,4903,2366,0,12902,96,100,5,0,11,3,0,4,7,32723.2024548882
797,0,4845,2374,0,12941,96,100,5,0,11,3,0,4,7,32839.9928173728
798,0,4790,2382,0,12980,96,100,5,0,11,3,0,4,7,32954.0829411792
799,0,4736,2390,0,13020,95,100,5,0,10,3,0,4,7,33063.9479602066
800,0,4689,2398,0,13060,94,100,5,0,10,3,0,4,7,33171.3663475241
801,0,4647,2406,0,13100,93,100,5,0,10,3,0,4,7,33276.3354750114
802,0,4610,2414,0,13137,92,100,5,0,10,3,0,4,7,33378.661143163
803,0,4581,2422,0,13173,90,100,5,0,10,3,0,4,7,33479.3843629446
804,0,4558,2429,0,13209,89,100,5,0,10,3,0,4,7,33579.3001262278
805,0,4540,2435,0,13243,87,100,5,0,10,3,0,4,7,33678.2842110392
806,0,4528,2441,0,13275,86,100,5,0,10,3,0,4,7,33777.5525116419
807,0,4521,2447,0,13305,85,100,5,0,10,3,0,4,7,33877.5943475699
808,0,4516,2453,0,13332,84,100,5,0,10,3,0,4,7,33978.3878376467
809,0,4512,2459,0,13357,81,100,5,0,9,3,0,4,6,34078.6874402869
810,0,4570,2465,0,13380,97,100,5,0,10,3,0,4,7,34179.1604692462
811,0,4572,2471,0,13395,96,100,5,0,10,3,0,4,7,34281.4790220805
812,0,4574,2477,0,13409,95,100,5,0,10,3,0,4,7,34385.350366974
813,0,4577,2483,0,13421,94,100,5,0,10,3,0,4,7,34490.7345341907
814,0,4580,2489,0,13430,93,100,5,0,10,3,0,4,7,34597.1861237859
815,0,4583,2495,0,13438,91,100,5,0,10,3,0,4,7,34703.9927172053
816,0,4587,2501,0,13444,90,100,5,0,10,3,0,4,7,34811.6025819234
817,0,4590,2507,0,13450,89,100,5,0,10,3,0,4,7,34919.2815533201
818,0,4594,2513,0,13454,88,100,5,0,10,3,0,4,7,35028.9332592237
819,0,4596,2519,0,13457,86,100,5,0,10,3,0,4,6,35143.2749773445
820,0,4649,2525,0,13459,102,100,5,0,11,3,0,4,7,35261.0459972501
821,0,4638,2531,0,13454,102,100,5,0,11,3,0,4,7,35382.147352739
822,0,4620,2537,0,13451,102,100,5,0,11,3,0,4,7,35505.4626815469
823,0,4597,2543,0,13451,102,100,5,0,11,3,0,4,7,35631.2960767284
824,0,4569,2549,0,13454,102,100,5,0,11,3,0,4,7,35759.0932567919
825,0,4534,2555,0,13459,102,100,5,0,11,3,0,4,7,35888.2736408739
826,0,4493,2561,0,13467,102,100,5,0,11,3,0,4,7,36018.4127173262
827,0,4448,2567,0,13478,102,100,5,0,11,3,0,4,7,36149.0291971999
828,0,4397,2573,0,13492,102,100,5,0,11,3,0,4,7,36282.284702005
829,0,4336,2579,0,13510,102,100,5,0,10,3,0,4,7,36458.3104980197
830,0,4325,2585,0,13490,101,100,5,0,11,3,0,4,7,36678.1063799492
831,0,4246,2593,0,13418,100,100,5,0,11,3,0,4,7,36933.2718694781
832,0,4158,2602,0,13307,99,100,5,0,11,3,0,4,7,37206.3692260953
833,0,4062,2612,0,13170,98,99.4018542518194,5,0,11,3,0,4,7,37469.3011423961
834,0,3959,2624,0,13028,97,98.2354700428671,5,0,11,3,0,4,7,37703.1274611445
835,0,3850,2636,0,12901,95,97.1089622171269,5,0,11,3,0,4,7,37908.3095436006
836,0,3736,2646,0,12786,94,96.0123616787957,5,0,11,3,0,4,7,38107.5399411194
837,0,3617,2656,0,12656,93,94.8160701824345,5,0,11,3,0,4,7,38296.6915699262
838,0,3496,2666,0,12510,92,93.5300568238461,5,0,11,3,0,4,7,38472.5941211368
839,0,3374,2676,0,12350,90,92.1642906988336,5,0,11,3,0,4,6,38630.3296692511
840,0,3253,2685,0,12177,90,90.7436945469046,4,0,11,3,0,4,6,38764.8994821226
841,0,3133,2693,0,11996,90,89.2832220117635,4,0,11,3,0,4,6,38869.4326438053
842,0,3017,2701,0,11814,90,87.837703120327,4,0,11,3,0,4,6,38939.3138709167
843,0,2905,2708,0,11638,90,86.437045160004,4,0,11,3,0,4,6,38966.9340152796
844,0,2798,2714,0,11481,90,85.1510318014156,4,0,11,3,0,4,6,38944.2560315014
845,0,2697,2718,0,11351,90,84.0195394277739,4,0,11,3,0,4,6,38864.148475933
846,0,2600,2722,0,11261,90,83.1073671617984,4,0,11,3,0,4,6,38726.7879524224
847,0,2509,2724,0,11225,90,82.4842986741103,4,0,11,3,0,4,6,38534.4837220748
848,0,2423,2724,0,11250,90,82.1802412521184,4,0,11,3,0,4,6,38293.8672647462
849,0,2342,2724,0,11340,90,82.225102183232,4,0,11,3,0,4,6,38016.978180875
850,0,2264,2723,0,11494,90,82.5989432758449,4,0,11,3,0,4,6,37720.1309503262
851,0,2190,2721,0,11703,90,83.2618881467451,4,0,11,3,0,4,6,37424.2421686575
852,0,2121,2714,0,11952,90,84.1242149337055,4,0,11,3,0,4,6,37146.1691323506
853,0,2057,2702,0,12226,90,85.1111554182036,4,0,11,3,0,4,6,36903.702953684
854,0,1992,2687,0,12511,90,86.1329877380122,4,0,11,3,0,4,6,36702.7948344356
855,0,1929,2669,0,12797,90,87.1548200578208,4,0,11,3,0,4,6,36546.1900473433
856,0,1868,2646,0,13075,90,88.1218223507128,4,0,11,3,0,4,6,36432.4803351794
857,0,1806,2620,0,13345,90,89.0290100687868,4,0,11,3,0,4,6,36359.7532992296
858,0,1745,2590,0,13603,90,89.8614295683382,5,0,11,3,0,4,6,36325.2374691092
859,0,1683,2556,0,13851,90,90.619080849367,5,0,11,3,0,4,6,36326.7204503969
860,0,1687,2518,0,14089,90,91.2919948160702,5,0,12,3,0,4,6,36369.0403667981
861,0,1620,2472,0,14308,90,92.1642906988336,5,0,12,3,0,4,6,36439.4296553742
862,0,1548,2418,0,14522,90,92.6029309141661,5,0,12,3,0,4,6,36534.0762361977
863,0,1472,2356,0,14734,90,92.9717874588775,5,0,12,3,0,4,6,36651.7162510587
864,0,1393,2287,0,14942,90,93.2708603329678,5,0,12,3,0,4,6,36789.5809779984
865,0,1311,2211,0,15147,90,93.5051340843386,5,0,12,3,0,4,6,36945.085080227
866,0,1228,2129,0,15348,90,93.6845778087928,5,0,12,3,0,4,6,37115.3302990281
867,0,1142,2041,0,15547,90,93.8091915063304,5,0,12,3,0,4,6,37297.3278829329
868,0,1058,1947,0,15745,90,93.9088824643605,5,0,12,3,0,4,6,37489.0494073066
869,0,974,1848,0,15940,89,93.963712491277,5,0,11,3,0,3,6,37688.47336385
870,0,895,1745,0,16134,107,94.0185425181936,5,0,11,3,0,3,7,37940.1534112846
871,0,822,1640,0,16272,106,93.9088824643605,5,0,11,3,0,3,7,38237.6158744997
872,0,754,1532,0,16359,105,93.460273153225,5,0,11,3,0,3,7,38573.4987381799
873,0,695,1422,0,16399,104,92.8122819260293,5,0,11,3,0,3,7,38942.9977418429
874,0,645,1312,0,16393,103,91.9798624264779,5,0,11,3,0,3,7,39339.9081207432
875,0,604,1204,0,16346,101,90.9929219419799,4,0,11,3,0,3,7,39757.3894731693
876,0,571,1097,0,16262,100,89.8713986641412,4,0,11,3,0,3,7,40188.9710540156
877,0,546,992,0,16146,99,88.6402153324693,4,0,11,3,0,3,7,40627.8142346999
878,0,528,891,0,16004,98,87.3342637822749,4,0,11,3,0,3,7,41070.2629061742
879,0,513,796,0,15836,95,85.933605821952,4,0,10,3,0,2,6,41564.6617820123
880,0,581,706,0,15588,116,84.1989831522281,4,0,11,3,0,2,7,42109.5004447896
881,0,575,621,0,15250,115,82.5490977968298,4,0,11,3,0,2,7,42687.4831279537
882,0,571,543,0,14840,114,80.0917156813877,4,0,11,3,0,2,7,43287.7030112418
883,0,568,470,0,14364,113,77.3352606918552,4,0,11,3,0,2,7,43897.9601250674
884,0,566,404,0,13829,112,74.324593759346,4,0,11,3,0,2,7,44505.7723521594
885,0,565,345,0,13244,110,71.0995912670721,3,0,11,3,0,2,7,45097.833471849
886,0,565,292,0,12621,110,67.7300368856545,3,0,11,3,0,2,7,45661.4920904034
887,0,565,245,0,11973,110,64.2657760941083,3,0,11,3,0,2,7,46182.3604329712
888,0,566,204,0,11318,111,60.8064998504636,3,0,11,3,0,2,7,46648.694169795
889,0,567,168,0,10675,110,57.4219918253414,3,0,11,3,0,2,6,47050.4797690132
890,78,694,137,0,10271,149,54.231881168378,3,1,12,3,0,3,7,47411.6936681774
891,88,699,111,0,9635,154,53.2698634233875,3,1,12,3,0,3,7,47699.4774199985
892,100,703,89,0,9041,160,50.3090419698933,2,1,12,3,0,3,7,47920.6899714478
893,114,706,71,0,8483,165,47.5476024324594,2,1,12,3,0,3,7,48087.3666853801
894,131,708,57,0,7944,172,44.9207456883661,2,1,12,3,0,3,7,48210.7108329692
895,151,710,47,0,7410,179,42.3537035190908,1,1,12,3,0,3,7,48297.9335827276
896,176,712,39,0,6863,188,39.7667231582096,1,1,12,3,0,3,7,48350.2068964883
897,206,714,32,0,6293,198,37.0999900309042,1,1,12,3,0,3,7,48362.4413696499
898,243,716,28,0,5698,211,34.3734423287808,1,1,12,3,0,3,7,48327.440849227
899,290,715,24,0,5080,226,31.5771109560363,1,1,11,3,0,3,6,48232.165817176
900,350,716,21,84,4444,245,28.7907486790948,1,1,11,3,1,3,6,48073.3350577301
901,427,717,19,97,3787,268,26.4928720965008,1,1,11,3,1,3,6,47830.2272116326
902,529,718,16,114,3135,294,23.9557372146346,1,1,11,3,1,3,6,47489.6734344793
903,665,720,14,135,2505,327,21.7625361379723,1,1,11,3,1,3,6,47041.8878108071
904,847,722,13,162,1917,367,20.0777589472635,0,1,11,3,1,3,6,46476.9057986802
905,1091,724,12,197,1397,416,19.125710298076,0,1,11,3,1,3,6,45787.9205616655
906,1410,726,12,240,974,473,19.115741202273,1,1,11,3,1,3,6,44977.7027721549
907,1806,728,11,292,667,537,20.1425580699831,1,1,11,3,1,3,6,44064.7616751134
908,2259,729,11,350,474,601,22.0516399162596,1,1,11,3,1,3,6,43094.9722916446
909,2720,730,8,404,369,642,24.2897019240355,1,1,11,2,1,2,6,42153.0756674228
910,3133,927,8,500,652,710,26.2237065098196,1,1,12,2,2,3,7,41375.3062945429
911,3332,931,8,505,645,725,30.6350314026518,1,1,12,2,2,3,7,40616.8198181955
912,3485,936,6,518,650,774,31.7465855846875,1,1,12,2,2,3,7,39892.7810100946
913,3601,941,6,532,662,826,32.738510617087,1,1,12,2,2,3,7,39192.5851198983
914,3689,946,6,547,676,881,33.6207755956535,1,1,12,2,2,3,7,38508.1685004949
915,3757,952,6,563,692,937,34.4282723556973,1,1,12,2,2,3,7,37834.3099025914
916,3810,958,6,580,709,996,35.1859236367261,1,1,12,2,2,3,7,37166.919200915
917,3851,965,5,599,726,1056,35.8987139866414,1,1,12,2,2,3,7,36502.99837408
918,3882,972,5,618,744,1117,36.5766125012461,1,1,12,2,2,3,7,35841.2468390636
919,3906,979,3,636,761,1178,37.1996809889343,1,1,12,1,2,2,7,35180.5430579212
920,3925,987,3,726,781,1237,37.817764928721,1,1,12,1,3,2,7,34521.0975995934
921,3937,996,3,750,802,1295,38.794736317416,1,1,12,1,3,2,7,33864.560080213
922,3946,1005,2,774,824,1350,39.3829129697936,1,1,12,1,3,2,7,33210.1475530374
923,3952,1015,2,797,847,1404,39.9611205263683,2,1,12,1,3,2,7,32559.0206581347
924,3957,1024,2,819,872,1455,40.5193898913369,2,1,12,1,3,2,7,31911.3684826799
925,3960,1035,2,841,898,1505,41.0776592563055,2,1,12,1,3,2,7,31267.5875965542
926,3962,1047,2,863,926,1550,41.6209749775695,2,1,12,1,3,2,7,30628.2545742662
927,3963,1059,2,885,955,1591,42.1443525072276,2,1,12,1,3,2,7,29993.6660727463
928,3964,1072,2,906,986,1627,42.6527763931811,2,1,12,1,3,2,7,29364.5204570678
929,3964,1087,0,928,1019,1659,43.1512311833317,2,1,12,0,3,2,7,28739.4343733964
930,3964,1102,101,949,1303,1688,43.6496859734822,2,1,12,1,3,3,7,28105.41912142
931,3964,1121,105,969,1344,1709,45.9176552686671,2,1,12,1,3,3,7,27482.5936446597
932,3964,1142,109,987,1389,1723,46.4260791546207,2,1,12,1,3,3,7,26863.7873919105
933,3964,1164,114,1005,1436,1737,46.9544412321802,2,1,12,1,3,3,7,26251.862305318
934,3964,1189,119,1022,1486,1749,47.4977569534443,2,1,12,1,3,3,7,25645.0052922723
935,3964,1217,124,1036,1540,1763,48.0709799621174,2,1,12,1,3,3,7,25043.6697799125
936,3964,1248,130,1049,1598,1776,48.6741102581996,2,1,12,1,3,3,7,24447.5336553933
937,3964,1282,136,1061,1661,1791,49.3221014853953,3,1,12,1,3,3,7,23856.6431906272
938,3964,1320,142,1071,1728,1808,50.009969095803,3,1,12,1,3,3,7,23272.4935961077
939,3964,1364,148,1080,1803,1824,50.7576512810288,3,1,12,1,3,3,6,22695.25270324
940,4046,1414,155,1088,2103,1878,51.5651480410727,3,2,12,1,3,4,7,22113.9072641527
941,4056,1476,162,1094,2193,1893,54.201973880969,3,2,12,1,3,4,7,21545.995867957
942,4067,1550,169,1099,2292,1903,55.2287907486791,3,2,12,1,3,4,7,20986.9877766557
943,4078,1632,176,1103,2401,1911,56.3303758349118,3,2,12,1,3,4,7,20448.0912489639
944,4090,1712,183,1107,2521,1914,57.456883660652,3,2,12,1,3,4,7,19942.6462331277
945,4103,1781,190,1111,2654,1913,58.5784069384907,3,2,12,1,3,4,7,19477.9553482064
946,4117,1825,197,1117,2800,1912,59.6550692852158,3,2,12,1,3,4,7,19031.9651428044
947,4132,1850,204,1127,2964,1912,60.7566543714485,3,2,12,1,3,4,7,18582.4523186327
948,4147,1875,211,1137,3147,1910,61.9429767720068,3,2,12,1,3,4,7,18141.9763680974
949,4162,1901,218,1146,3354,1900,63.2090519389891,3,2,12,1,3,4,7,17707.414275243
950,4243,1928,225,1154,3586,1917,64.5798026119031,3,3,12,1,3,4,8,17276.4988824049
951,4263,1957,232,1161,3848,1898,66.5885754162098,3,3,12,1,3,4,8,16852.4951365465
952,4283,1986,238,1166,4146,1877,68.2683680590171,4,3,12,1,3,4,8,16433.6335571111
953,4302,2021,244,1171,4484,1854,70.1624962615891,4,3,12,1,3,4,8,16019.4306845473
954,4321,2057,250,1176,4865,1828,72.2609909281228,4,3,12,1,3,4,8,15608.7222442877
955,4339,2094,255,1179,5289,1801,74.5538829628153,4,3,12,1,3,4,8,15201.5018752934
956,4355,2131,260,1182,5754,1776,77.0511414614694,4,3,12,1,3,4,8,14797.8716633028
957,4371,2169,264,1184,6250,1754,79.7128900408733,4,3,12,1,3,4,8,14431.5545262686
958,4385,2208,268,1186,6759,1731,82.4294686471937,4,3,12,1,3,4,8,14125.6158641118
959,4400,2247,272,1189,7259,1707,85.1061708703021,4,3,12,1,3,4,7,13882.8707732231
960,4419,2361,277,1196,7725,1710,87.6981357790848,5,3,13,1,3,4,8,13722.2393515453
961,4440,2405,283,1208,8127,1696,90.5144053434354,5,3,13,1,3,4,8,13642.0074807757
962,4464,2448,290,1227,8471,1690,92.6627454889841,5,3,13,1,3,4,8,13635.6135746292
963,4490,2494,297,1254,8756,1690,94.6117037184727,5,3,13,1,3,4,8,13689.8389405055
964,4519,2543,304,1287,8986,1697,96.3812182235071,5,3,13,1,3,4,8,13808.3761016803
965,4548,2596,311,1322,9156,1712,97.9214435250723,5,3,13,1,3,4,8,13988.0051186361
966,4579,2653,318,1361,9265,1734,99.2423487189712,5,3,13,1,3,4,8,14186.7806972558
967,4611,2712,325,1403,9346,1765,100,5,3,13,1,3,4,8,14400.42906648
968,4644,2772,332,1445,9409,1800,100,5,3,13,1,3,4,8,14624.9061084946
969,4678,2829,339,1486,9455,1835,100,5,3,12,1,3,4,7,14848.3848656433
970,4712,2946,347,1527,9491,1874,100,5,3,13,1,3,4,7,15061.1801486169
971,4746,3006,355,1565,9524,1912,100,5,3,13,1,3,4,7,15266.6305183277
972,4779,3067,363,1600,9552,1947,100,5,3,13,1,3,4,7,15457.3059736799
973,4811,3128,371,1633,9576,1982,100,5,3,13,1,3,4,7,15630.3613914225
974,4843,3188,379,1663,9597,2016,100,5,3,13,1,3,4,7,15780.4038554194
975,4873,3246,387,1691,9614,2049,100,5,3,13,1,3,4,7,15904.0339098606
976,4900,3305,395,1715,9628,2079,100,5,3,13,1,3,4,7,16000.287041187
977,4925,3359,402,1735,9639,2107,100,5,3,13,1,3,4,7,16088.1599828924
978,4948,3411,409,1750,9647,2132,100,5,3,13,1,3,4,7,16167.7485363189
979,4970,3464,416,1765,9654,2157,100,5,3,13,1,3,4,7,16238.3506566045
980,4990,3566,423,1778,9660,2195,100,5,3,14,1,3,4,8,16290.5816640332
981,5009,3621,430,1790,9665,2216,100,5,3,14,1,3,4,8,16334.2462253965
982,5026,3673,436,1800,9670,2236,100,5,3,14,1,3,4,8,16365.0634734883
983,5041,3727,442,1810,9673,2256,100,5,3,14,1,3,4,8,16384.5732385286
984,5055,3779,448,1819,9676,2274,100,5,3,14,1,3,4,8,16391.8290276725
985,5067,3829,453,1826,9678,2290,100,5,3,14,1,3,4,8,16386.3179951557
986,5078,3881,458,1833,9680,2306,100,5,3,14,1,3,4,8,16367.5681407969
987,5088,3931,463,1839,9682,2321,100,5,3,14,1,3,4,8,16335.8031553275
988,5097,3981,467,1843,9683,2333,100,5,3,14,1,3,4,8,16291.3164203937
989,5105,4028,471,1847,9684,2345,100,5,3,13,1,3,4,8,16231.6544922226
990,5112,4078,475,1851,9684,2370,100,5,3,13,1,3,4,9,16156.4227070018
991,5117,4129,478,1854,9684,2381,100,5,3,13,1,3,4,9,16070.3266324545
992,5122,4177,481,1857,9684,2389,100,5,3,13,1,3,4,9,15973.2761200317
993,5126,4224,483,1858,9684,2397,100,5,3,13,1,3,4,9,15866.1028711728
994,5130,4271,485,1859,9684,2405,100,5,3,13,1,3,4,9,15749.9678791221
995,5132,4315,487,1860,9684,2413,100,5,3,13,1,3,4,9,15625.4897461298
996,5134,4360,489,1860,9684,2421,100,5,3,13,1,3,4,9,15495.7691145897
997,5136,4400,491,1860,9684,2427,100,5,3,13,1,3,4,9,15361.9909513522
998,5138,4440,492,1860,9684,2431,100,5,3,13,1,3,4,9,15225.9570862574
999,5139,4477,493,1860,9684,2433,100,5,3,13,1,3,4,9,15088.5929847319
1000,5140,4513,494,1860,9684,2432,100,5,3,13,1,3,4,9,14951.844447729
